"Row.names","Estimate","Std. Error","t value","Pr(>|t|)","VIF","VIF_CI_low","VIF_CI_high","SE_factor","Tolerance","Tolerance_CI_low","Tolerance_CI_high","Coefficient","SE","CI","CI_low","CI_high","t","df_error","p"
"(Intercept)",-2.21431951014888,0.116949931886906,-18.9339102162983,5.18857176141821e-26,NA,NA,NA,NA,NA,NA,NA,-2.21431951014888,0.116949931886906,0.95,-2.4350925402504,-1.97598582344899,-18.9339102162983,56,5.99432553023925e-80
"DBH05",0.019438545501423,0.130126143934416,0.149382321750962,0.881788650329745,1.21805618091571,1.05268128623658,1.902569041728,1.10365582538929,0.820980194237196,0.525605104502149,0.949955141289803,0.019438545501423,0.130126143934416,0.95,-0.211719761982004,0.255397502752086,0.149382321750962,56,0.881251960409659
"slope",0.469420602641574,0.142890536692298,3.28517628604354,0.00176145759606263,1.46874071443632,1.19220159075235,2.14316357377802,1.21191613341696,0.680855368255917,0.466599942363324,0.838784319494947,0.469420602641574,0.142890536692298,0.95,0.198943230911545,0.740634117114645,3.28517628604354,56,0.00101918582403096
"TPI",0.168718433188661,0.146171966707159,1.15424617311657,0.253301383643192,1.53697350053145,1.23343714655126,2.23519561703384,1.23974735350855,0.650629304704489,0.447388135686765,0.81074256827439,0.168718433188661,0.146171966707159,0.95,-0.107961916544959,0.442860059195996,1.15424617311657,56,0.248399257455039
"two_DB",-0.0462597880441872,0.120801653818176,-0.382940022607762,0.703213993537371,1.04974534879881,1.00042306733064,6.84918651920722,1.02457081199828,0.952611984558224,0.146002740208008,0.999577111579632,-0.0462597880441872,0.120801653818176,0.95,-0.273875807849817,0.241702913165351,-0.382940022607762,56,0.701764235345537
"two_EB",0.177065302760597,0.131629089129358,1.34518368190322,0.183988221496207,1.2463555475888,1.06668006288296,1.91018294230331,1.1164029503673,0.802339269829222,0.523510066943742,0.937488226129644,0.177065302760597,0.131629089129358,0.95,-0.0753224823734771,0.440798061213911,1.34518368190322,56,0.178565924558767
"(Intercept)",-2.22861689992186,0.112165127356945,-19.8690711849298,4.91938969680882e-27,NA,NA,NA,NA,NA,NA,NA,-2.22861689992186,0.112165127356945,0.95,-2.44067738560767,-2.00040535181067,-19.8690711849298,56,7.53847895551336e-88
"DBH05",-0.000437202632972795,0.11505019817388,-0.00380010325851009,0.996981468699689,1.03513544540157,1.00004925144219,26.0652461874464,1.01741606307428,0.966057151691931,0.038365262035454,0.999950750983396,-0.000437202632972795,0.11505019817388,0.95,-0.213998286141784,0.222710413610981,-0.00380010325851009,56,0.996967963578077
"slope",0.443667582684835,0.138693350188401,3.19891027278638,0.00227163899820398,1.50429743703641,1.21359982036206,2.19061853409063,1.22649803792603,0.664762151007903,0.456492074926737,0.82399484840206,0.443667582684835,0.138693350188401,0.95,0.178026724551503,0.707542690648454,3.19891027278638,56,0.00137948095650241
"TPI",0.129914878840397,0.149798824419272,0.867262338967215,0.389499395957185,1.75484696218451,1.36848990646128,2.54629455604655,1.32470636828865,0.569850261332849,0.392727541134372,0.730732463044506,0.129914878840397,0.149798824419272,0.95,-0.148362691630515,0.40037822183052,0.867262338967215,56,0.385798286693117
"two_DB",-0.213456143722201,0.11645574875295,-1.83293779833083,0.0721296058369419,1.0605821218591,1.0011189945722,4.27990285220844,1.02984567866215,0.942878424394991,0.233650163223681,0.998882256177075,-0.213456143722201,0.11645574875295,0.95,-0.440346600206734,0.0252373674721638,-1.83293779833083,56,0.0668118218198007
"two_EB",0.147033090668428,0.128839562476921,1.14121072628422,0.258639010134929,1.29813817194924,1.09394880957532,1.94611491060967,1.13935866694788,0.770334022686068,0.513844272272045,0.914119555912502,0.147033090668428,0.128839562476921,0.95,-0.098004485464338,0.387123242786373,1.14121072628422,56,0.25378224175399
"(Intercept)",-2.22445081690944,0.113587749228771,-19.5835451623335,1.00094591208843e-26,NA,NA,NA,NA,NA,NA,NA,-2.22445081690944,0.113587749228771,0.95,-2.43910446406374,-1.99323317525338,-19.5835451623335,56,2.13622581108389e-85
"DBH05",0.00160066352259551,0.124381746041288,0.0128689584568476,0.989778078355571,1.17974584283257,1.03517140680505,1.91860323343555,1.08616105750141,0.847640198162509,0.52121250635513,0.966023591287554,0.00160066352259551,0.124381746041288,0.95,-0.229460780659191,0.241258349976322,0.0128689584568476,56,0.989732340139132
"slope",0.450028333178913,0.139828571822881,3.21842901856251,0.00214529529476772,1.49096346447741,1.20555057489636,2.17268036624659,1.22105014822382,0.67070724657261,0.460260982487519,0.829496514558065,0.450028333178913,0.139828571822881,0.95,0.172092338266608,0.72387510961643,3.21842901856251,56,0.00128894868693345
"TPI",0.161571949059417,0.152093238699695,1.06232170766274,0.292649514271743,1.76398534785281,1.37422779303085,2.55967467570125,1.32815110128811,0.566898132808891,0.390674646857629,0.727681396833425,0.161571949059417,0.152093238699695,0.95,-0.111399743544148,0.428517933881211,1.06232170766274,56,0.28808966293572
"two_DB",-0.237115198828268,0.117345875705353,-2.02065217378111,0.0481075830381041,1.05005202823634,1.00043713566798,6.73095657494383,1.0247204634613,0.952333763575119,0.148567293350625,0.999563055336114,-0.237115198828268,0.117345875705353,0.95,-0.474352125885513,0.00415817276220953,-2.02065217378111,56,0.0433157839502295
"two_EB",-0.0514125843018628,0.137287343085586,-0.3744888869312,0.709455011363879,1.43726271046116,1.17345263453654,2.10231060180045,1.19885892016582,0.69576702486015,0.475667106061106,0.852186079410828,-0.0514125843018628,0.137287343085586,0.95,-0.345369537695393,0.210139537030916,-0.3744888869312,56,0.708040623064987
"(Intercept)",-2.23960064738669,0.106709582292604,-20.987811959057,3.27160691238169e-28,NA,NA,NA,NA,NA,NA,NA,-2.23960064738669,0.106709582292604,0.95,-2.44169506257611,-2.02289022776726,-20.987811959057,56,8.47586738687508e-98
"DBH05",-5.46161973312962e-05,0.116406282435872,-0.000469185993989491,0.999627311173199,1.1708038591967,1.03138674583633,1.92949930103025,1.08203690288118,0.854114027849302,0.518269169346708,0.969568402965192,-5.46161973312962e-05,0.116406282435872,0.95,-0.211218315768849,0.217676594692008,-0.000469185993989491,56,0.999625643752986
"slope",0.373270216177572,0.134166200473308,2.78214792444565,0.00734600085706374,1.55531208870045,1.24463297185526,2.26054764211957,1.24712152122415,0.642957775011932,0.442370681054243,0.803449709764149,0.373270216177572,0.134166200473308,0.95,0.109688166433762,0.63523345841044,2.78214792444565,56,0.00540004208725057
"TPI",0.127689304767395,0.14690820133418,0.86917751090651,0.388460168391868,1.86476190617924,1.43775980165446,2.70827278236258,1.36556285325108,0.536261490910079,0.369239024411582,0.695526470311161,0.127689304767395,0.14690820133418,0.95,-0.138508557285873,0.388372004622026,0.86917751090651,56,0.384750046140148
"two_DB",-0.307386698427241,0.111180705269067,-2.76474859269275,0.00769877804368435,1.06804648482462,1.00185736383417,3.49295480605203,1.03346334469328,0.936288835934148,0.28629056358455,0.998146079570585,-0.307386698427241,0.111180705269067,0.95,-0.540041905258889,-0.0791274960561067,-2.76474859269275,56,0.00569666821474462
"two_EB",-0.00853423394357367,0.13046789875669,-0.0654125192855999,0.948078517515997,1.47074927034055,1.1934045085572,2.14581028735746,1.21274451981468,0.67992554554758,0.466024422518493,0.837938848755462,-0.00853423394357367,0.13046789875669,0.95,-0.299327038778984,0.238708953007745,-0.0654125192855999,56,0.94784555648017
"(Intercept)",-2.22358350732539,0.112864979090503,-19.7012707151823,7.46113938330859e-27,NA,NA,NA,NA,NA,NA,NA,-2.22358350732539,0.112864979090503,0.95,-2.43691997401412,-1.9938934889135,-19.7012707151823,56,2.10275756441579e-86
"DBH05",-0.043023002521175,0.126119534125792,-0.341128777705948,0.734283267993806,1.22852627758608,1.05777037862253,1.90399718320316,1.1083890461323,0.813983402914988,0.525210861035868,0.945384764226653,-0.043023002521175,0.126119534125792,0.95,-0.270194217532731,0.189766884668197,-0.341128777705948,56,0.733006637698711
"slope",0.45587521490629,0.139413155067448,3.26995838151527,0.00184279394891408,1.50116090785354,1.21170388169278,2.18638474435279,1.2252187183738,0.666151106632446,0.457376041697554,0.825284143352729,0.45587521490629,0.139413155067448,0.95,0.183777933666556,0.722741273527261,3.26995838151527,56,0.00107563308579852
"TPI",0.21158636535686,0.161053765528268,1.31376229958264,0.194283026018697,2.00337154634837,1.52573245356078,2.91495589287436,1.41540508206957,0.499158531937196,0.343058364088633,0.655422906988826,0.21158636535686,0.161053765528268,0.95,-0.0754164157333159,0.497814478377446,1.31376229958264,56,0.188926208333937
"two_DB",-0.243174572252267,0.115407151713139,-2.10710141132945,0.0396004886221933,1.02869156760948,1.00001013142487,82.2527420553286,1.01424433328931,0.972108678137461,0.0121576493988168,0.999989868677771,-0.243174572252267,0.115407151713139,0.95,-0.506044780338308,0.00417606722725141,-2.10710141132945,56,0.03510879003408
"two_EB",-0.0415627104536992,0.148138088961308,-0.280567345948111,0.780076199210601,1.69493563344378,1.33098866091305,2.45906972552382,1.30189693656748,0.589992906083516,0.406657846916881,0.751321201575078,-0.0415627104536992,0.148138088961308,0.95,-0.434389087868009,0.294236069539512,-0.280567345948111,56,0.779042264532084
"(Intercept)",-2.23975808997781,0.108515534409341,-20.6399765910845,7.50717289356098e-28,NA,NA,NA,NA,NA,NA,NA,-2.23975808997781,0.108515534409341,0.95,-2.44515538241565,-2.01924514567449,-20.6399765910845,56,1.20120712692334e-94
"DBH05",-0.0101104981323552,0.12104655146962,-0.0835257015553454,0.933731407298793,1.22421912786871,1.05566316891931,1.90318640275558,1.10644436275337,0.816847227130765,0.525434607220881,0.94727184715908,-0.0101104981323552,0.12104655146962,0.95,-0.23232372263018,0.217169770840087,-0.0835257015553454,56,0.933433541906348
"slope",0.458187014725441,0.135088440654757,3.39175589343296,0.00127994069509955,1.52472210147758,1.22598184057258,2.21838676542072,1.23479638057357,0.655857220821367,0.450778022835142,0.815672766843725,0.458187014725441,0.135088440654757,0.95,0.196587177445277,0.714965700728082,3.39175589343296,56,0.000694462811463215
"TPI",0.214252417580197,0.157583143826434,1.35961507289244,0.179401282231256,2.07478853507063,1.57125404777664,3.02216579403729,1.44041262667009,0.481976829492148,0.330888530990918,0.636434319081005,0.214252417580197,0.157583143826434,0.95,-0.0752235832010757,0.503089844766334,1.35961507289244,56,0.173951765802355
"two_DB",-0.299875302046563,0.110892944453451,-2.7041873901404,0.0090517239155801,1.02745343556125,1.0000069067731,110.123481075347,1.01363377783164,0.973280117024227,0.00908071548624401,0.999993093274599,-0.299875302046563,0.110892944453451,0.95,-0.550218928349061,-0.0711501420908508,-2.7041873901404,56,0.00684716631800816
"two_EB",-0.0309546643733631,0.144073577919465,-0.214853166141721,0.830662320717118,1.73429511802454,1.3556019780681,2.51627199399722,1.31692639051108,0.5766031338075,0.397413317155532,0.737679655369876,-0.0309546643733631,0.144073577919465,0.95,-0.427945615053901,0.299634696137584,-0.214853166141721,56,0.829881800107962
"(Intercept)",-2.25005043271381,0.107685584954721,-20.8946298026788,4.08259252323536e-28,NA,NA,NA,NA,NA,NA,NA,-2.25005043271381,0.107685584954721,0.95,-2.45393031587999,-2.03128556430059,-20.8946298026788,56,5.99194257124441e-97
"DBH05",-0.00388110633476548,0.118931988637256,-0.0326329894861416,0.974083296533832,1.20010809142884,1.04424085991182,1.90511912144355,1.09549445066091,0.833258276601907,0.524901560613323,0.95763347173031,-0.00388110633476548,0.118931988637256,0.95,-0.222705100409083,0.219803909268507,-0.0326329894861416,56,0.973967262027337
"slope",0.434870476078718,0.135242402304129,3.2154891414957,0.0021638923005755,1.55184648021159,1.2425140028338,2.25574001568324,1.24573130337629,0.644393638643723,0.44331349936048,0.804819903614206,0.434870476078718,0.135242402304129,0.95,0.173739658962057,0.690619227410128,3.2154891414957,56,0.00130222421304647
"TPI",0.235013173269798,0.153671444529129,1.52932234085462,0.131814059833363,2.00359228121102,1.52587297339864,2.91528661455439,1.41548305578379,0.499103539865694,0.343019446186719,0.655362548150163,0.235013173269798,0.153671444529129,0.95,-0.0547310802767524,0.525248860460455,1.52932234085462,56,0.126184553874439
"two_DB",-0.318310672512559,0.110783735531062,-2.8732617742729,0.00572994153202089,1.04129794825955,1.00014468442542,12.7878653873223,1.02044007578081,0.960339931209335,0.0781991340784201,0.999855336505138,-0.318310672512559,0.110783735531062,0.95,-0.560560542930139,-0.101754020805517,-2.8732617742729,56,0.0040625733939646
"two_EB",-0.0443028150267516,0.139211853166946,-0.318240250516763,0.751486511769047,1.64427870401523,1.29946378940521,2.38612768265575,1.28229431255669,0.608169404346147,0.419089056829936,0.769548184530576,-0.0443028150267516,0.139211853166946,0.95,-0.44534562184844,0.282223042601464,-0.318240250516763,56,0.750302703080375
"(Intercept)",-2.25535271956927,0.104513269876613,-21.5795824035733,8.15934060149013e-29,NA,NA,NA,NA,NA,NA,NA,-2.25535271956927,0.104513269876613,0.95,-2.45342524200794,-2.04326048913664,-21.5795824035733,56,2.79379605461983e-103
"DBH05",-0.0418791707740375,0.118115720585169,-0.354560515455181,0.724250600788533,1.25663942794648,1.07194376425285,1.91548998944803,1.12099929881623,0.795773216851981,0.522059632526798,0.932884758835277,-0.0418791707740375,0.118115720585169,0.95,-0.264952993707443,0.18130036085353,-0.354560515455181,56,0.722918860769318
"slope",0.448611933481153,0.128172501009294,3.50006381984092,0.000920126493457297,1.47973856226334,1.19879711156742,2.15770841089127,1.21644505106615,0.675795052925058,0.463454651681567,0.834169510712706,0.448611933481153,0.128172501009294,0.95,0.195636807980855,0.696735427787587,3.50006381984092,56,0.000465146781569108
"TPI",0.339455026514165,0.144421236431843,2.3504509094434,0.0222985508516194,1.87869981197341,1.4465787178193,2.72895243045267,1.37065670828746,0.532283014895064,0.366440978904906,0.691286265781297,0.339455026514165,0.144421236431843,0.95,0.0641675604965102,0.620024875802823,2.3504509094434,56,0.0187506808484573
"two_DB",-0.31874196954151,0.107197420608222,-2.97341081280702,0.00433729213738251,1.03505623360333,1.00004846350039,26.3580427441302,1.01737713440166,0.966131083060787,0.0379390840855471,0.999951538848206,-0.31874196954151,0.107197420608222,0.95,-0.551807143787717,-0.109736215098627,-2.97341081280702,56,0.00294509982050082
"two_EB",-0.184473252068507,0.135033250324248,-1.3661320572936,0.177358729693444,1.64239160802956,1.29829316635437,2.3834275290657,1.28155827336472,0.608868186558587,0.419563837291079,0.770242057738022,-0.184473252068507,0.135033250324248,0.95,-0.589253909522772,0.135517949934867,-1.3661320572936,56,0.171897518013928
"(Intercept)",-2.27261600588872,0.101438170538823,-22.4039530072058,1.23857274494532e-29,NA,NA,NA,NA,NA,NA,NA,-2.27261600588872,0.101438170538823,0.95,-2.46504799089065,-2.06697828416032,-22.4039530072058,56,3.60160263814338e-111
"DBH05",-0.0464372858382095,0.114860051386939,-0.404294489489408,0.687536162920009,1.26145958779104,1.07443944676883,1.91834529963865,1.12314717993282,0.792732489949292,0.521282586710727,0.930717876197959,-0.0464372858382095,0.114860051386939,0.95,-0.265745098913328,0.17246605717611,-0.404294489489408,56,0.685996177190265
"slope",0.463880451032032,0.124298777086526,3.73197920289369,0.000445821616202709,1.47730116807087,1.19733351583961,2.1544739578196,1.21544278683567,0.676910044893452,0.464150423527066,0.83518918227121,0.463880451032032,0.124298777086526,0.95,0.221454169920047,0.702578713820891,3.73197920289369,56,0.000189981189752953
"TPI",0.367266977608372,0.141877354585876,2.58862296016432,0.0122543980799382,1.92469311930754,1.47572651619788,2.79737167423106,1.38733309601823,0.519563347511617,0.357478417763302,0.677632331616862,0.367266977608372,0.141877354585876,0.95,0.0900528405544709,0.649918370771807,2.58862296016432,56,0.00963605376404549
"two_DB",-0.334056485121814,0.104837330405224,-3.18642685606928,0.00235607829182338,1.05091414230763,1.00047832374947,6.41944632643739,1.0251410353252,0.951552519603712,0.155776674365462,0.999521904934753,-0.334056485121814,0.104837330405224,0.95,-0.551814643674215,-0.145680289218916,-3.18642685606928,56,0.00144041904690056
"two_EB",-0.172461492949862,0.131888043377752,-1.30763554097091,0.196340028177253,1.66320652519642,1.3112208550033,2.41328220134361,1.2896536454399,0.601248242386438,0.414373420333207,0.762648028502782,-0.172461492949862,0.131888043377752,0.95,-0.586004029222146,0.151104898531226,-1.30763554097091,56,0.190996956088063
"(Intercept)",-2.2756987074516,0.100546933186201,-22.6331986002723,7.40510274187884e-30,NA,NA,NA,NA,NA,NA,NA,-2.2756987074516,0.100546933186201,0.95,-2.46649388137556,-2.07192914788269,-22.6331986002723,56,2.04239723308317e-113
"DBH05",-0.0650518010550964,0.114410698225122,-0.568581453170542,0.57191341766637,1.2738953736033,1.08095608573108,1.92665887936434,1.12866973628396,0.784993823449907,0.519033239724269,0.925106961513306,-0.0650518010550964,0.114410698225122,0.95,-0.287211254696996,0.154161454544521,-0.568581453170542,56,0.569640214287716
"slope",0.466613870741326,0.12331330700229,3.78397013335032,0.000377774936902148,1.47985913567803,1.19886953999575,2.15786857101685,1.21649460980229,0.675739991659294,0.463420253407171,0.834119115248804,0.466613870741326,0.12331330700229,0.95,0.22627544548692,0.70331388225913,3.78397013335032,56,0.000154346353460934
"TPI",0.382503758232224,0.141201634955488,2.70891876253984,0.00893864744108449,1.94034939308359,1.48566359802338,2.8207190834799,1.39296424687915,0.515371099434214,0.354519528675045,0.673099887033959,0.382503758232224,0.141201634955488,0.95,0.10562962718566,0.665312183634364,2.70891876253984,56,0.00675028658366615
"two_DB",-0.33399772025644,0.104338133190588,-3.20110883761307,0.0022570656496581,1.05946499611544,1.00102730173174,4.44211019386398,1.0293031604515,0.943872618412622,0.225118233532642,0.998973752534055,-0.33399772025644,0.104338133190588,0.95,-0.549568866597087,-0.148779912416613,-3.20110883761307,56,0.00136899811260202
"two_EB",-0.217110798998228,0.131280377500127,-1.65379474931825,0.103764758342877,1.67725896585747,1.31996702959822,2.43352178319837,1.29509033115743,0.596210853753742,0.410927079800249,0.757594680455302,-0.217110798998228,0.131280377500127,0.95,-0.659861185393955,0.12676570971003,-1.65379474931825,56,0.0981692231876256
"(Intercept)",-2.2946638634205,0.0971226581253552,-23.6264524438654,8.36229892179239e-31,NA,NA,NA,NA,NA,NA,NA,-2.2946638634205,0.0971226581253552,0.95,-2.47916149380243,-2.09806165169755,-23.6264524438654,56,2.06142420212838e-123
"DBH05",-0.135346295788071,0.11816680532287,-1.14538338764647,0.256921786008414,1.45642462843179,1.18484217455977,2.12703414107334,1.20682419118602,0.686612942735496,0.470138198860966,0.843994264781767,-0.135346295788071,0.11816680532287,0.95,-0.37513751470316,0.0944685312483367,-1.14538338764647,56,0.252050376795543
"slope",0.469609396365648,0.118174806190111,3.97385374688219,0.000204406436727159,1.45662185902554,1.18495979728014,2.12729103949085,1.20690590313642,0.686519973460363,0.47008142347995,0.843910487339166,0.469609396365648,0.118174806190111,0.95,0.234477852657685,0.70184673089833,3.97385374688219,56,7.07189972784223e-05
"TPI",0.460254731968099,0.141969939937521,3.24191679006592,0.00200202930443153,2.10227643754855,1.58880318055328,3.06353053941219,1.4499229074501,0.475674836162884,0.32642077078555,0.629404580907096,0.460254731968099,0.141969939937521,0.95,0.187799789150607,0.742183673528739,3.24191679006592,56,0.00118728682839973
"two_DB",-0.329953577530286,0.100909950422387,-3.26978237675446,0.00184375505914544,1.06209902739476,1.00125122967667,4.0819994724249,1.03058188776767,0.941531791487384,0.244977983646322,0.998750333942588,-0.329953577530286,0.100909950422387,0.95,-0.535920006893529,-0.152954642173323,-3.26978237675446,56,0.00107630253068104
"two_EB",-0.37551184072051,0.140505154831275,-2.67258408541268,0.00984127636704149,2.059119451824,1.56125708440725,2.99860998532721,1.43496322316079,0.485644482215048,0.33348785100203,0.640509503519505,-0.37551184072051,0.140505154831275,0.95,-0.765019749471029,-0.043057657881407,-2.67258408541268,56,0.00752695080211601
"(Intercept)",-2.27848079210805,0.0992211098938415,-22.9636696721679,3.55379973366739e-30,NA,NA,NA,NA,NA,NA,NA,-2.27848079210805,0.0992211098938415,0.95,-2.46683927992267,-2.07748828162424,-22.9636696721679,56,1.0759631380874e-116
"DBH05",-0.210136636441687,0.122510921418081,-1.71524819182915,0.0918287319513915,1.49995971940004,1.21097820436152,2.18476561016822,1.22472842679512,0.666684569636298,0.457715004001277,0.825778693950354,-0.210136636441687,0.122510921418081,0.95,-0.461838751472461,0.0292109319645391,-1.71524819182915,56,0.0862997327095181
"slope",0.4145815451883,0.122449688826952,3.38572967526438,0.00130345132002855,1.498460694397,1.21007291228459,2.18274679565606,1.22411629120644,0.66735150527416,0.458138342931083,0.826396483920974,0.4145815451883,0.122449688826952,0.95,0.170987346732099,0.656559277867195,3.38572967526438,56,0.000709892764221852
"TPI",0.305080216327888,0.143748825939725,2.12231449080363,0.0382474999440106,2.06508815931244,1.56506456397044,3.0075808313595,1.43704146054052,0.48424082792327,0.33249314185447,0.63895127589055,0.305080216327888,0.143748825939725,0.95,0.0384135213659286,0.576974479486225,2.12231449080363,56,0.0338113374149616
"two_DB",-0.29831543798468,0.106021301856946,-2.81373113477888,0.00674343241763356,1.12335299981831,1.01394563929729,2.09109107440687,1.05988348407658,0.890192130311433,0.478219247472827,0.98624616670085,-0.29831543798468,0.106021301856946,0.95,-0.5068194952906,-0.10016487810431,-2.81373113477888,56,0.00489701674147315
"two_EB",-0.375063854785624,0.14528033696414,-2.58165600812312,0.012477061692966,2.10932578162345,1.59330600012334,3.07414671268899,1.45235181055537,0.474085135976647,0.325293518319199,0.627625829515855,-0.375063854785624,0.14528033696414,0.95,-0.774408697648058,-0.0311936027772725,-2.58165600812312,56,0.00983275385262864
"(Intercept)",-2.29682201677556,0.0951180919165175,-24.1470573105211,2.74672893095164e-31,NA,NA,NA,NA,NA,NA,NA,-2.29682201677556,0.0951180919165175,0.95,-2.47762671953731,-2.10440787929363,-24.1470573105211,56,8.01750282585109e-129
"DBH05",-0.287151282457996,0.121179000682194,-2.36964557259456,0.0212762442979075,1.59685918096857,1.27014164907217,2.3187188392831,1.26366893645787,0.626229295555951,0.431272642054859,0.787313761996936,-0.287151282457996,0.121179000682194,0.95,-0.546429285609043,-0.0422837784850902,-2.36964557259456,56,0.0178051443335743
"slope",0.414209461222063,0.117422129187054,3.52752470160224,0.000845528825972898,1.49938025797544,1.21062821367025,2.18398498335102,1.22449183663079,0.666942221415041,0.457878606136586,0.826017425257514,0.414209461222063,0.117422129187054,0.95,0.178609766477471,0.648410849235935,3.52752470160224,56,0.000419464620710791
"TPI",0.351706647456304,0.137424362833433,2.55927435430495,0.0132174940246071,2.05371109912763,1.55780769710997,2.99048361321889,1.43307749236656,0.486923404379894,0.334394074449926,0.641927756458766,0.351706647456304,0.137424362833433,0.95,0.0892506405798091,0.620382038651819,2.55927435430495,56,0.010489092529612
"two_DB",-0.303899038932676,0.101846532478856,-2.98389185705236,0.00421137787586564,1.12798774393307,1.01541543254503,2.06262750326516,1.06206767389516,0.886534455164559,0.484818513481949,0.984818595373924,-0.303899038932676,0.101846532478856,0.95,-0.504799714165326,-0.112505740804209,-2.98389185705236,56,0.00284607342981408
"two_EB",-0.496116423101322,0.141725663143489,-3.50054049561251,0.00091877978387523,2.18428287898079,1.64123839011312,3.18721455089365,1.47793196020006,0.457816159996003,0.313753587664694,0.609296008443402,-0.496116423101322,0.141725663143489,0.95,-0.889484338356345,-0.146414391698476,-3.50054049561251,56,0.000464315687514562
"(Intercept)",-2.30244221951672,0.0943053099176299,-24.4147675409557,1.56145165104732e-31,NA,NA,NA,NA,NA,NA,NA,-2.30244221951672,0.0943053099176299,0.95,-2.48174823647258,-2.11172458534702,-24.4147675409557,56,1.19191346272832e-131
"DBH05",-0.314722363785548,0.121550614152816,-2.58922890665013,0.0122352039424128,1.63448209437324,1.29338983801822,2.37212498837554,1.2784686520886,0.611814594630637,0.421562946683013,0.773162097463388,-0.314722363785548,0.121550614152816,0.95,-0.579000717676987,-0.0657691491600587,-2.58922890665013,56,0.00961911284966782
"slope",0.41996299165241,0.11630035237207,3.61102080162971,0.000652489455494502,1.49633182665221,1.20878785717372,2.17988318613254,1.22324642924155,0.668300962519346,0.458740177621242,0.827275021059618,0.41996299165241,0.11630035237207,0.95,0.187208366442115,0.650749568356518,3.61102080162971,56,0.000304994195729923
"TPI",0.387696033986521,0.135719383788914,2.85660031134173,0.00599837994373509,2.03774394109095,1.54762764722458,2.96650496505946,1.42749568864181,0.490738791972377,0.337097025549713,0.646150255711274,0.387696033986521,0.135719383788914,0.95,0.125590088699306,0.657405988483306,2.85660031134173,56,0.0042820467410225
"two_DB",-0.315762480945082,0.101835592504005,-3.10070843779558,0.003020555783691,1.14726842559449,1.0221164328158,1.98062781451718,1.07110616915154,0.871635597817332,0.504890415387694,0.97836211990558,-0.315762480945082,0.101835592504005,0.95,-0.517455625749296,-0.123509195070923,-3.10070843779558,56,0.00193058282957325
"two_EB",-0.529114778718511,0.141278401684768,-3.74519227573876,0.000427491679739204,2.2080931893451,1.65648284125753,3.22319467077966,1.48596540651023,0.452879436803385,0.310251195519044,0.603688716292917,-0.529114778718511,0.141278401684768,0.95,-0.933534452804399,-0.16656385085529,-3.74519227573876,56,0.000180255669689493
"(Intercept)",-2.30771843577683,0.0928510244810648,-24.8539900197595,6.25029551551761e-32,NA,NA,NA,NA,NA,NA,NA,-2.30771843577683,0.0928510244810648,0.95,-2.4843409523097,-2.1200339878375,-24.8539900197595,56,2.34138043582342e-136
"DBH05",-0.343240298388534,0.120203064383707,-2.85550372736635,0.00601644920423255,1.64890571990909,1.30233528203063,2.39275386750288,1.28409723927321,0.606462812231091,0.417928485491748,0.767851423360638,-0.343240298388534,0.120203064383707,0.95,-0.614189641985293,-0.0898569383274987,-2.85550372736635,56,0.00429686185074518
"slope",0.406416870863667,0.114791815484309,3.54046905825982,0.000812396838340033,1.50378792987858,1.21329173496796,2.1899302067634,1.22629031223385,0.664987382948831,0.456635557111176,0.824204081491092,0.406416870863667,0.114791815484309,0.95,0.177052412136917,0.633762770053194,3.54046905825982,56,0.00039941646678348
"TPI",0.41045518685453,0.132680445509015,3.09356201872747,0.00308324001366586,2.00899376018434,1.52931191992881,2.92338084550953,1.41738977002952,0.497761625654945,0.342069696986643,0.653888841752147,0.41045518685453,0.132680445509015,0.95,0.149227128856167,0.680470149428161,3.09356201872747,56,0.0019776921233104
"two_DB",-0.313158390154359,0.100939198103312,-3.10244578953203,0.00300549813439171,1.16274490747658,1.02809307886816,1.94279110644489,1.07830649978407,0.860033867764021,0.514723377455592,0.972674576411805,-0.313158390154359,0.100939198103312,0.95,-0.511452857804264,-0.124441602069903,-3.10244578953203,56,0.00191928696515903
"two_EB",-0.575971931319519,0.139297554990162,-4.13483159385099,0.000120132505323682,2.21437787116432,1.6605079570957,3.23269621225761,1.48807858366563,0.451594108224266,0.30933930513119,0.602225358648109,-0.575971931319519,0.139297554990162,0.95,-0.985754181479082,-0.208338561989373,-4.13483159385099,56,3.55215020954035e-05
"(Intercept)",-2.31625607182203,0.0912701999032021,-25.3780102846117,2.13367921093006e-32,NA,NA,NA,NA,NA,NA,NA,-2.31625607182203,0.0912701999032021,0.95,-2.48995878295624,-2.13186535962073,-25.3780102846117,56,4.41125433370353e-142
"DBH05",-0.361331768474153,0.118787300553101,-3.04183836817329,0.00357455321258901,1.66655698503638,1.31330485493623,2.41810191352197,1.29095196852415,0.600039487985568,0.413547499552448,0.761437830859583,-0.361331768474153,0.118787300553101,0.95,-0.629727735850838,-0.109585459420178,-3.04183836817329,56,0.00235138119165659
"slope",0.408392473587878,0.112160417022972,3.64114617641117,0.000593791165080228,1.48579664303823,1.20243930563639,2.16577350255835,1.21893258346728,0.673039614597023,0.461728799811586,0.83164280751015,0.408392473587878,0.112160417022972,0.95,0.185437843616237,0.629470445886955,3.64114617641117,56,0.000271426964026836
"TPI",0.424837242700404,0.130310774084767,3.26018508971522,0.0018968847458372,2.00558369990821,1.52714076379111,2.918270501884,1.41618632245486,0.498607961385888,0.342668714005234,0.654818484130769,0.424837242700404,0.130310774084767,0.95,0.166660555260333,0.69161473047909,3.26018508971522,56,0.00111339530057615
"two_DB",-0.308459116935889,0.0995749803404379,-3.09775724666272,0.00304629584895431,1.1710639198964,1.03149493774528,1.92912914853131,1.08215706803421,0.853924352898233,0.518368612470202,0.969466706434714,-0.308459116935889,0.0995749803404379,0.95,-0.500799831371746,-0.126234926092777,-3.09775724666272,56,0.001949910809954
"two_EB",-0.589893343000938,0.139029680471741,-4.24293101299934,8.36345684077061e-05,2.28294364682357,1.70445649995116,3.33647414856569,1.51094131150868,0.438030961207201,0.299717592725808,0.586697284459095,-0.589893343000938,0.139029680471741,0.95,-0.985888782985668,-0.229304330876991,-4.24293101299934,56,2.20619271442496e-05
"(Intercept)",-2.31890419980811,0.0910725955653147,-25.4621512147971,1.79861221387753e-32,NA,NA,NA,NA,NA,NA,NA,-2.31890419980811,0.0910725955653147,0.95,-2.49224172190387,-2.13492496225407,-25.4621512147971,56,5.17880884470875e-143
"DBH05",-0.397462088347247,0.12246465751471,-3.24552484294912,0.00198083715916324,1.779034055902,1.38368593972599,2.58174693784333,1.33380435443209,0.562102786443277,0.387334631966428,0.722707350916662,-0.397462088347247,0.12246465751471,0.95,-0.672864493335345,-0.138088494355992,-3.24552484294912,56,0.00117234334991861
"slope",0.409639668831789,0.111931521627364,3.65973465629762,0.000560126993856446,1.48616672290319,1.20266200544146,2.16626736197328,1.21908437891033,0.67287201670518,0.461623536205193,0.831488810218901,0.409639668831789,0.111931521627364,0.95,0.18778576832783,0.630044048874809,3.65973465629762,56,0.000252476549932599
"TPI",0.442571646599571,0.13215424243643,3.34890230113091,0.00145626077115283,2.07169079424583,1.56927727750646,3.01750746754197,1.43933692867439,0.482697515853971,0.331399345571326,0.63723601579765,0.442571646599571,0.13215424243643,0.95,0.182584346169852,0.710901463926092,3.34890230113091,56,0.000811323992868651
"two_DB",-0.287890303186602,0.0994648442502882,-2.89439253996286,0.00540549568639316,1.17355090067389,1.03253538620547,1.92575864735397,1.08330554354434,0.852114722442605,0.519275871550166,0.968489809995723,-0.287890303186602,0.0994648442502882,0.95,-0.479851317670891,-0.106986624759235,-2.89439253996286,56,0.00379892916655415
"two_EB",-0.641831432062179,0.14462838614208,-4.43779709628824,4.31109684707675e-05,2.48124584831159,1.83185624170388,3.6375822565762,1.57519708237147,0.403023344373742,0.27490787272017,0.545894365089404,-0.641831432062179,0.14462838614208,0.95,-1.03627979223824,-0.274130952788525,-4.43779709628824,56,9.08842298391585e-06
"(Intercept)",-2.32436702464236,0.0908102601558614,-25.5958635142434,1.37233729265527e-32,NA,NA,NA,NA,NA,NA,NA,-2.32436702464236,0.0908102601558614,0.95,-2.49721966245303,-2.14093396603146,-25.5958635142434,56,1.69620969502995e-144
"DBH05",-0.419514523007419,0.123911448015944,-3.38559939153836,0.00130396409857674,1.83185531982442,1.41696751087408,2.65956160869607,1.35346049806576,0.545894639810227,0.376001818017775,0.705732483155617,-0.419514523007419,0.123911448015944,0.95,-0.698315825654264,-0.156504954793164,-3.38559939153836,56,0.000710229842892593
"slope",0.410249981660762,0.111605415954749,3.67589671299733,0.000532347376985183,1.48606856179275,1.20260293361284,2.16613635622254,1.21904411806659,0.67291646274626,0.461651454732918,0.831529652930263,0.410249981660762,0.111605415954749,0.95,0.189278689431913,0.629423745047909,3.67589671299733,56,0.000237015409245088
"TPI",0.46496338839464,0.131717627432126,3.53000124174142,0.000839092012043311,2.06993212386657,1.56815509774918,3.01486311434449,1.43872586821346,0.483107628733271,0.331690017779605,0.637692025128974,0.46496338839464,0.131717627432126,0.95,0.205142951201479,0.733084611600862,3.53000124174142,56,0.000415557716576812
"two_DB",-0.293815280650995,0.100467842771103,-2.92447088090066,0.00497296413085511,1.20426609764351,1.04616190949088,1.90387592512292,1.09739058572757,0.830381260384883,0.525244311777005,0.955874985437635,-0.293815280650995,0.100467842771103,0.95,-0.489335418368967,-0.109779568358265,-2.92447088090066,56,0.0034504236030221
"two_EB",-0.663734767938173,0.14650521185385,-4.53045157601832,3.13278402184418e-05,2.56079289026154,1.88305828800269,3.75867910350619,1.60024775902407,0.39050405200784,0.266050911094585,0.531051006955644,-0.663734767938173,0.14650521185385,0.95,-1.05807702092046,-0.292564382727977,-4.53045157601832,56,5.8857744636217e-06
"(Intercept)",-2.32905545418692,0.0891444986665731,-26.1267435346546,4.74362079652763e-33,NA,NA,NA,NA,NA,NA,NA,-2.32905545418692,0.0891444986665731,0.95,-2.49882732331394,-2.14908823546693,-26.1267435346546,56,1.81156233602465e-150
"DBH05",-0.426247227770578,0.120923437075079,-3.52493476931134,0.000852310643090345,1.81038114333936,1.40342225909249,2.6278665410216,1.34550404805759,0.552369871769344,0.38053682878859,0.712543921489918,-0.426247227770578,0.120923437075079,0.95,-0.699087847586974,-0.168304793671387,-3.52493476931134,56,0.000423587083632771
"slope",0.401221009264639,0.109792737344403,3.65434926725683,0.000569687537003498,1.49243792890771,1.20643925398544,2.1746560266296,1.22165376801601,0.670044616684246,0.459842838478624,0.828885496469486,0.401221009264639,0.109792737344403,0.95,0.183763167132938,0.616838167107099,3.65434926725683,56,0.000257835084186269
"TPI",0.469005186214177,0.127998424560203,3.66414811608548,0.000552406464504154,2.02842194392502,1.54168687223538,2.95251491028739,1.42422678809417,0.492994075022175,0.338694309896868,0.648640147366657,0.469005186214177,0.127998424560203,0.95,0.214074577694989,0.732037788216408,3.66414811608548,56,0.000248163153821936
"two_DB",-0.288265087818978,0.100293358471694,-2.87421911292697,0.00571486065847239,1.24535566530853,1.06617291057651,1.90972879951214,1.11595504627585,0.8029834591488,0.523634560182294,0.937934166287598,-0.288265087818978,0.100293358471694,0.95,-0.48433787319622,-0.104024368242879,-2.87421911292697,56,0.00405027862289985
"two_EB",-0.674904436937075,0.143195996472978,-4.71315157937698,1.65710718932089e-05,2.53869661308214,1.86883089531909,3.72502656140113,1.59332878373616,0.39390291649932,0.268454461603586,0.535093893462874,-0.674904436937075,0.143195996472978,0.95,-1.05968170977924,-0.311311129831682,-4.71315157937698,56,2.4391461601486e-06
"(Intercept)",-2.32561745714276,0.0898813056031686,-25.8743177075164,7.84285291212292e-33,NA,NA,NA,NA,NA,NA,NA,-2.32561745714276,0.0898813056031686,0.95,-2.49675243295681,-2.14411769091145,-25.8743177075164,56,1.29604829453962e-147
"DBH05",-0.41486494587671,0.121295812469305,-3.42027426529417,0.0011740286482968,1.7918061241902,1.39172184809566,2.60051562442335,1.3385836261475,0.558096094493454,0.384539123936909,0.718534383410256,-0.41486494587671,0.121295812469305,0.95,-0.692147126780672,-0.153951528180522,-3.42027426529417,56,0.000625580303550924
"slope",0.397319325873039,0.110702278690045,3.58907992296611,0.000698684988614591,1.49249375245442,1.20647290656352,2.17473086538851,1.2216766153342,0.670019555093941,0.459827013960808,0.828862376071397,0.397319325873039,0.110702278690045,0.95,0.178968512508146,0.613779309723708,3.58907992296611,56,0.000331847100811518
"TPI",0.460013619986683,0.128281615721055,3.58596683866979,0.000705486992244809,2.0041408648498,1.52622220689066,2.91610856261492,1.41567682217722,0.49896692270428,0.342922761113971,0.655212586663432,0.460013619986683,0.128281615721055,0.95,0.20437353222473,0.723860690317455,3.58596683866979,56,0.00033583163608126
"two_DB",-0.282350492409974,0.101466504609453,-2.7826965509135,0.00733512334892821,1.25384773689755,1.07050649192292,1.9139395787618,1.11975342683001,0.797545005324448,0.522482533459566,0.934137258900438,-0.282350492409974,0.101466504609453,0.95,-0.48068862238389,-0.0967803165491025,-2.7826965509135,56,0.00539092008065747
"two_EB",-0.659527685923551,0.143957402833927,-4.58140861768949,2.62543830721194e-05,2.52387247107622,1.85928786334424,3.7024556114016,1.58867003215778,0.396216532911263,0.270091016600046,0.537840331083177,-0.659527685923551,0.143957402833927,0.95,-1.0535197231933,-0.290073281927257,-4.58140861768949,56,4.61854414417382e-06
"(Intercept)",-2.32561776421715,0.0897588139421938,-25.9096311780021,7.30831281624737e-33,NA,NA,NA,NA,NA,NA,NA,-2.32561776421715,0.0897588139421938,0.95,-2.49652616910971,-2.14437283265745,-25.9096311780021,56,5.1872808600121e-148
"DBH05",-0.424437893615382,0.121818929676423,-3.48417027421584,0.000966119489755443,1.81223074384654,1.40458816082846,2.63059339131085,1.34619119884455,0.551806111553686,0.380142367612994,0.711952462571075,-0.424437893615382,0.121818929676423,0.95,-0.702328682876564,-0.162632292526515,-3.48417027421584,56,0.000493665313141554
"slope",0.397417793230288,0.110307547533858,3.60281596423223,0.000669412269166664,1.4859164583238,1.20251140332632,2.16593337753664,1.21898173010255,0.672985344766999,0.461694718023746,0.831592945591912,0.397417793230288,0.110307547533858,0.95,0.180854978676387,0.612219895848065,3.60281596423223,56,0.000314788405875564
"TPI",0.449654140236615,0.128091327141875,3.51041831066809,0.000891291347583111,2.00365703562211,1.52591419628681,2.91538363532673,1.41550592920769,0.49908740978194,0.343008030875473,0.65534484339514,0.449654140236615,0.128091327141875,0.95,0.195615263040216,0.710968949829511,3.51041831066809,56,0.000447402253226726
"two_DB",-0.286440395308687,0.103454196440726,-2.76876535861746,0.00761597959423333,1.30701375624448,1.09879033021799,1.95411611961776,1.14324702328258,0.765102888337885,0.511740315716555,0.910091736793506,-0.286440395308687,0.103454196440726,0.95,-0.487070092281121,-0.0985059364967611,-2.76876535861746,56,0.00562691430996973
"two_EB",-0.643354811973206,0.145610427510198,-4.41832925686692,4.60868313962974e-05,2.58921961793612,1.90136669597257,3.80198836424489,1.60910522276702,0.386216755455108,0.263020268395432,0.52593747545814,-0.643354811973206,0.145610427510198,0.95,-1.0319916265838,-0.275997393182507,-4.41832925686692,56,9.94668130082276e-06
"(Intercept)",-2.33227027205282,0.088306670656616,-26.4110316322755,2.70596981193724e-33,NA,NA,NA,NA,NA,NA,NA,-2.33227027205282,0.088306670656616,0.95,-2.50049137009242,-2.1540447984506,-26.4110316322755,56,1.02349336665009e-153
"DBH05",-0.433921013651502,0.120121689560487,-3.6123452412231,0.000649796323982039,1.82051384945988,1.40981124537132,2.64281235510134,1.34926418816327,0.549295464188139,0.378384790758879,0.709314813088059,-0.433921013651502,0.120121689560487,0.95,-0.707115166560527,-0.175619572401146,-3.6123452412231,56,0.000303440203728885
"slope",0.392000470263077,0.108596909078455,3.60968349458159,0.000655219562787622,1.4879421679134,1.20373072048409,2.16863847858732,1.21981234946749,0.672069131156044,0.461118812505538,0.830750584813386,0.392000470263077,0.108596909078455,0.95,0.179281994428902,0.602875950651646,3.60968349458159,56,0.000306570844294831
"TPI",0.453775623744721,0.125147605995576,3.62592332577869,0.000622791786810101,1.97604220142441,1.50834390732647,2.87404307444486,1.40571768197758,0.506062066528315,0.347941897215008,0.662978777679748,0.453775623744721,0.125147605995576,0.95,0.204025420924574,0.710518568501152,3.62592332577869,56,0.000287930785888703
"two_DB",-0.290658173006659,0.102397484256405,-2.83852845719183,0.00630266317254022,1.32290816412934,1.10756068998788,1.96940325013842,1.15017744897444,0.755910370133773,0.507768025634016,0.902885059969891,-0.290658173006659,0.102397484256405,0.95,-0.489061655148848,-0.1051812631533,-2.83852845719183,56,0.00453220778947031
"two_EB",-0.653006313433404,0.143690169287601,-4.54454411648991,2.98361965447471e-05,2.60498505367272,1.91152282923733,3.82601481815672,1.6139966089409,0.383879361837458,0.261368564296825,0.523143111191085,-0.653006313433404,0.143690169287601,0.95,-1.03154407697987,-0.293120891509445,-4.54454411648991,56,5.50542762994495e-06
"(Intercept)",-2.33334440835558,0.0886073561547267,-26.3335292871292,3.15181823284464e-33,NA,NA,NA,NA,NA,NA,NA,-2.33334440835558,0.0886073561547267,0.95,-2.50212215423887,-2.15449395827814,-26.3335292871292,56,7.92534315716057e-153
"DBH05",-0.432397059043649,0.12157989951624,-3.5564847541751,0.000773113688539628,1.8523461583606,1.42990994802288,2.68987476799074,1.36100924256987,0.539855898686367,0.371764519263092,0.699344739424109,-0.432397059043649,0.12157989951624,0.95,-0.707435558507923,-0.172031183585823,-3.5564847541751,56,0.000375850281252146
"slope",0.38283046942264,0.109386339097262,3.49980146133462,0.000920868512587255,1.49942505767164,1.21065527049189,2.18404532508446,1.22451012967294,0.666922294571251,0.457865955671652,0.825998964671176,0.38283046942264,0.109386339097262,0.95,0.168901344481143,0.594790054525491,3.49980146133462,56,0.000465604801008517
"TPI",0.457532540463595,0.125588975076962,3.64309478744622,0.000590173452783943,1.97652185656205,1.5086489288339,2.8747605318457,1.40588828025631,0.505939257226021,0.347855060942402,0.662844735370568,0.457532540463595,0.125588975076962,0.95,0.206505683751139,0.715759216962749,3.64309478744622,56,0.000269379582048129
"two_DB",-0.294670661531622,0.103556250048886,-2.84551305587559,0.00618340752954085,1.34385131231128,1.11929261782502,1.99112356769317,1.15924601026326,0.744129942679524,0.502229000864349,0.893421419988611,-0.294670661531622,0.103556250048886,0.95,-0.497701069997578,-0.105392117326722,-2.84551305587559,56,0.00443399417376465
"two_EB",-0.642215028975126,0.146269992482296,-4.39061367322391,5.06709240409549e-05,2.68107564118465,1.96056214362065,3.94204318809845,1.63739904763153,0.372984627751175,0.253675556629905,0.510057792992605,-0.642215028975126,0.146269992482296,0.95,-1.02039281814902,-0.281261451684054,-4.39061367322391,56,1.13031206345965e-05
"(Intercept)",-2.33516706840967,0.0882368414886144,-26.4647626661816,2.43499743621948e-33,NA,NA,NA,NA,NA,NA,NA,-2.33516706840967,0.0882368414886144,0.95,-2.50325887908667,-2.15708671733671,-26.4647626661816,56,2.46759653558235e-154
"DBH05",-0.437946689915092,0.121623908809397,-3.60082728965258,0.00067357662918157,1.86928771462043,1.44062265091015,2.71498475902026,1.36721897098469,0.534963126424364,0.368326192873681,0.694144298903133,-0.437946689915092,0.121623908809397,0.95,-0.712541813651222,-0.177427213206916,-3.60082728965258,56,0.000317206246310795
"slope",0.375857358054787,0.109236135461134,3.44077860744639,0.00110307599895109,1.50789427604106,1.21577586168006,2.19548402507484,1.2279634669,0.663176467932137,0.455480426447608,0.822520031462143,0.375857358054787,0.109236135461134,0.95,0.1632768547963,0.586587867381617,3.44077860744639,56,0.00058004292857617
"TPI",0.456319606907109,0.124793578601489,3.65659525130137,0.000565681485191614,1.96798922166995,1.50322377137213,2.86200093591426,1.40285039176312,0.508132864239695,0.349405895522726,0.665236952105415,0.456319606907109,0.124793578601489,0.95,0.207011157089511,0.712842693942157,3.65659525130137,56,0.000255587464907047
"two_DB",-0.301554327631413,0.103871467915947,-2.90314880189651,0.00527610947078211,1.36342350309476,1.13041479643664,2.01274277313949,1.16765727124647,0.733447822873932,0.496834475495442,0.884631024958501,-0.301554327631413,0.103871467915947,0.95,-0.506994342056455,-0.109603133860123,-2.90314880189651,56,0.00369431060710046
"two_EB",-0.638779604851745,0.146390997172915,-4.36351700027854,5.55800987469469e-05,2.70811421070321,1.97799615235417,3.98329819578845,1.6456348959302,0.369260644934296,0.251048239636516,0.505562156331709,-0.638779604851745,0.146390997172915,0.95,-1.01242798072814,-0.28033625244723,-4.36351700027854,56,1.27987989711749e-05
"(Intercept)",-2.33600784802912,0.0879333517765971,-26.5656636626791,1.99829551473366e-33,NA,NA,NA,NA,NA,NA,NA,-2.33600784802912,0.0879333517765971,0.95,-2.50353768778484,-2.15855814402738,-26.5656636626791,56,1.69320574253803e-155
"DBH05",-0.44981324763308,0.122219518848267,-3.68037161225871,0.000524891915051026,1.90069323812621,1.46050825355637,2.76163685002656,1.37865631617391,0.526123826791663,0.362104090547019,0.684693152239966,-0.44981324763308,0.122219518848267,0.95,-0.726610018078668,-0.187058339663443,-3.68037161225871,56,0.000232894298354417
"slope",0.367327870515011,0.108809370911092,3.37588451655652,0.00134274362029666,1.50648041208378,1.21492025739785,2.19357016844481,1.22738763725393,0.663798873174055,0.45587782619645,0.823099288954014,0.367327870515011,0.108809370911092,0.95,0.156694151965532,0.576120607274478,3.37588451655652,56,0.000735787962862516
"TPI",0.448011925605358,0.123644294380832,3.62339344365905,0.000627740652441335,1.9452662469979,1.4887858163965,2.82805688655391,1.3947280190051,0.514068447721891,0.353599676426076,0.671688290542979,0.448011925605358,0.123644294380832,0.95,0.201906096079701,0.700632626750106,3.62339344365905,56,0.00029076301951898
"two_DB",-0.30392812642254,0.104155865258744,-2.91801259264202,0.00506303283473317,1.3803790283011,1.14015851668664,2.03231832493474,1.1748953265296,0.724438708135654,0.492048901853066,0.877071025971064,-0.30392812642254,0.104155865258744,0.95,-0.509396175121782,-0.112190472128508,-2.91801259264202,56,0.00352270123358978
"two_EB",-0.644223465025087,0.147301800768551,-4.37349347844923,5.37210863588394e-05,2.7608766429561,2.01202756569807,4.06383606218236,1.66158859016187,0.362203795867275,0.246072918468808,0.497011083271642,-0.644223465025087,0.147301800768551,0.95,-1.01718368482492,-0.285622330378156,-4.37349347844923,56,1.22273899227296e-05
"(Intercept)",-2.33523324730496,0.088352178045647,-26.4309641138498,2.60204182055337e-33,NA,NA,NA,NA,NA,NA,NA,-2.33523324730496,0.088352178045647,0.95,-2.50353859641518,-2.15691319510716,-26.4309641138498,56,6.04008698092365e-154
"DBH05",-0.452125489490318,0.122700126267142,-3.68480052339926,0.000517611501549363,1.89755181869149,1.45851764645487,2.75696458678322,1.37751654026058,0.526994830997331,0.362717752993259,0.685627631884082,-0.452125489490318,0.122700126267142,0.95,-0.730568007978637,-0.18856304655104,-3.68480052339926,56,0.000228881824866917
"slope",0.360547911814752,0.10943578763108,3.29460699849121,0.00171276593856933,1.50946261458938,1.21672529943596,2.19760893785703,1.22860189426412,0.662487424554089,0.455040013158637,0.821878200826079,0.360547911814752,0.10943578763108,0.95,0.149067846226016,0.570156404141795,3.29460699849121,56,0.000985594142423839
"TPI",0.439022978194812,0.123204921265468,3.56335586018398,0.000756821240933805,1.91319719853913,1.46843472780986,2.78024615578505,1.38318371828876,0.522685272988888,0.35968038222775,0.680997242207341,0.439022978194812,0.123204921265468,0.95,0.193780475829768,0.690479653859555,3.56335586018398,56,0.000366143782101609
"two_DB",-0.308535941027903,0.104853715838193,-2.94253702466801,0.00472885093716004,1.38570657198874,1.14323902573219,2.03861052471452,1.17716038498955,0.72165350169684,0.49053018606388,0.8747077185889,-0.308535941027903,0.104853715838193,0.95,-0.516371331759892,-0.114530020841075,-2.94253702466801,56,0.00325534856245294
"two_EB",-0.636031620688056,0.146675337891184,-4.33632285994743,6.09707672349709e-05,2.71155126662842,1.98021259109931,3.98854326591747,1.64667885959237,0.368792584638613,0.250718102657957,0.504996283982242,-0.636031620688056,0.146675337891184,0.95,-1.00730286449831,-0.279788093302246,-4.33632285994743,56,1.44886086351391e-05
"(Intercept)",-2.33793400929406,0.087645582791351,-26.674864092806,1.61463433634051e-33,NA,NA,NA,NA,NA,NA,NA,-2.33793400929406,0.087645582791351,0.95,-2.50493089226848,-2.16108216563126,-26.674864092806,56,9.21432076221003e-157
"DBH05",-0.463011199111724,0.122050720402212,-3.7935966095562,0.000366320939040003,1.9079139064335,1.46508495005357,2.77238085515429,1.38127256775536,0.524132664806307,0.360700802756174,0.682554277800367,-0.463011199111724,0.122050720402212,0.95,-0.739986226107376,-0.200295964967438,-3.7935966095562,56,0.000148480822466714
"slope",0.356982937373776,0.108797158707262,3.28117886179641,0.00178248848998912,1.51604881933947,1.22071642858708,2.20655442662979,1.23127934252933,0.659609365637509,0.453195256791089,0.819191072211138,0.356982937373776,0.108797158707262,0.95,0.146801375495082,0.565311109080656,3.28117886179641,56,0.00103374167675735
"TPI",0.444349598088749,0.121872760480417,3.64601241768171,0.000584796056011556,1.90235417396141,1.46156086024562,2.76410767332455,1.37925855950268,0.525664470731876,0.361780407344712,0.68420004065513,0.444349598088749,0.121872760480417,0.95,0.200923803073389,0.693912850942949,3.64601241768171,56,0.000266341110752904
"two_DB",-0.308430574524369,0.104850698505438,-2.94161678387266,0.00474101125923784,1.40805861869842,1.15625344788103,2.06565223713236,1.18661645812724,0.710197705351483,0.484108593897803,0.864862285887766,-0.308430574524369,0.104850698505438,0.95,-0.517124177814408,-0.114132146804732,-2.94161678387266,56,0.00326503702773807
"two_EB",-0.642425082200051,0.145918586385719,-4.40262682165707,4.86319413765452e-05,2.72708896823218,1.99023309666956,4.01225672442319,1.65139001093993,0.366691373713504,0.249236294854428,0.502453708398977,-0.642425082200051,0.145918586385719,0.95,-1.00955325660886,-0.289023066285805,-4.40262682165707,56,1.06948034826576e-05
"(Intercept)",-2.33651737063598,0.0880969977783937,-26.5220998394683,2.17613681130146e-33,NA,NA,NA,NA,NA,NA,NA,-2.33651737063598,0.0880969977783937,0.95,-2.50435024840136,-2.15872762891114,-26.5220998394683,56,5.39036536150803e-155
"DBH05",-0.45455221333357,0.122695746566688,-3.70471044068761,0.000486059771112901,1.90842432504442,1.46540853337214,2.77314057469713,1.38145731929887,0.523992482634449,0.360601986471318,0.682403559981217,-0.45455221333357,0.122695746566688,0.95,-0.731592550996777,-0.192039309808491,-3.70471044068761,56,0.000211632348292032
"slope",0.35397305854261,0.109639207247232,3.22852624923139,0.00208256190798216,1.52386923696839,1.22546361024938,2.21722071751755,1.23445098605347,0.656224284696118,0.451015089341049,0.816017702717835,0.35397305854261,0.109639207247232,0.95,0.142567045465696,0.563518025914706,3.22852624923139,56,0.00124429838874292
"TPI",0.441981145328171,0.122480163080759,3.60859370375548,0.000657452428250075,1.90172379415183,1.46116135082226,2.76316987425287,1.37903001930771,0.525838716997282,0.361903192893774,0.684387114015339,0.441981145328171,0.122480163080759,0.95,0.197653486751119,0.692310878979153,3.60859370375548,56,0.000307861318281751
"two_DB",-0.31209471145357,0.107033309153313,-2.91586529392015,0.00509331339476063,1.45229162848269,1.18237915683946,2.12166171146189,1.20511062914684,0.688566938201501,0.471328673462732,0.845752391874898,-0.31209471145357,0.107033309153313,0.95,-0.525738363629526,-0.113108872197741,-2.91586529392015,56,0.00354703608684874
"two_EB",-0.623381477944161,0.147637447748501,-4.22238048307422,8.96230982261815e-05,2.76317878670836,2.01351275206947,4.06735107925438,1.66228119964956,0.361902025598296,0.245860261510378,0.496644483116488,-0.623381477944161,0.147637447748501,0.95,-0.991700516657195,-0.268049525582694,-4.22238048307422,56,2.41735588025123e-05
"(Intercept)",-2.33366750634847,0.0889238646144985,-26.2434332613113,3.76506184703909e-33,NA,NA,NA,NA,NA,NA,NA,-2.33366750634847,0.0889238646144985,0.95,-2.50303107367432,-2.15415905615245,-26.2434332613113,56,8.49421696936317e-152
"DBH05",-0.442119201236039,0.123493153683544,-3.58011102679412,0.00071845332659779,1.89752388336744,1.45849994627205,2.75692304386229,1.37750640048148,0.527002589408966,0.36272321863546,0.685635952579923,-0.442119201236039,0.123493153683544,0.95,-0.719651444262913,-0.17920434882456,-3.58011102679412,56,0.00034344824688729
"slope",0.351478184384922,0.110827549246696,3.17139724530541,0.00246165499060864,1.52825894813115,1.22813202415979,2.22322816057238,1.23622770885107,0.654339371755591,0.449796389652848,0.814244706862145,0.351478184384922,0.110827549246696,0.95,0.138375406357384,0.562726932465151,3.17139724530541,56,0.00151707528745538
"TPI",0.434095655393419,0.123221738563617,3.52288208601522,0.000857722415935819,1.88919223580141,1.45322206104489,2.74453739164121,1.37447889609168,0.529326757250721,0.364360129705505,0.688126079837367,0.434095655393419,0.123221738563617,0.95,0.188805395279669,0.685556577826565,3.52288208601522,56,0.000426881234692673
"two_DB",-0.317311232787114,0.108469330908948,-2.92535438476589,0.00496075892573902,1.46391348171198,1.18931364778239,2.13682093729195,1.20992292387242,0.683100478609258,0.467984931515753,0.840821091950482,-0.317311232787114,0.108469330908948,0.95,-0.533771255396769,-0.116056480072207,-2.92535438476589,56,0.00344064156738854
"two_EB",-0.59789367233197,0.148487629805305,-4.02655543169435,0.00017194192451616,2.74335517309286,2.0007247641142,4.03708608854095,1.65630769275907,0.364517146670658,0.247703412329612,0.499818874608043,-0.59789367233197,0.148487629805305,0.95,-0.966794789794077,-0.242820720149791,-4.02655543169435,56,5.65999009792546e-05
"(Intercept)",-2.33417683248319,0.0890833736644712,-26.2021602513031,4.0852436950511e-33,NA,NA,NA,NA,NA,NA,NA,-2.33417683248319,0.0890833736644712,0.95,-2.50383558819263,-2.15433672001781,-26.2021602513031,56,2.51095617555403e-151
"DBH05",-0.439309914239382,0.12379705020151,-3.54862990292821,0.000792148219845288,1.90005173901277,1.46010173190907,2.76068264194235,1.37842364279374,0.526301457727451,0.362229248957216,0.684883784565139,-0.439309914239382,0.12379705020151,0.95,-0.717354663473209,-0.176344771808859,-3.54862990292821,56,0.000387240936999971
"slope",0.34757677524236,0.111210031637361,3.12540847372254,0.00281297408249166,1.53331986610288,1.23121170640849,2.23017162062497,1.23827293683698,0.652179641121863,0.44839598475375,0.812208001917927,0.34757677524236,0.111210031637361,0.95,0.133611001832555,0.55961729897323,3.12540847372254,56,0.00177558314746656
"TPI",0.427202173602255,0.123012547722842,3.4728341255461,0.00100025099959203,1.87604676729837,1.4448995288738,2.72501405078277,1.36968856580552,0.533035752322989,0.366970584871938,0.692089643616559,0.427202173602255,0.123012547722842,0.95,0.182427563577901,0.677809335785008,3.4728341255461,56,0.000514993535734415
"two_DB",-0.321437507053297,0.109554484985935,-2.93404242733252,0.00484221051415483,1.48800762653078,1.20377013288356,2.16872595695022,1.2198391806016,0.672039566310187,0.461100212682591,0.830723385373053,-0.321437507053297,0.109554484985935,0.95,-0.540055837394275,-0.119321707156244,-2.93404242733252,56,0.00334578470314845
"two_EB",-0.582002048277529,0.149315179959666,-3.89780897317168,0.000261856177153171,2.76409368033005,2.01410298631397,4.06874800190847,1.66255636906844,0.361782238827953,0.245775850342893,0.496498941114282,-0.582002048277529,0.149315179959666,0.95,-0.950749486412896,-0.22766512909009,-3.89780897317168,56,9.70669361796825e-05
"(Intercept)",-2.33253320647304,0.0893759571867285,-26.0979941350424,5.02214504650522e-33,NA,NA,NA,NA,NA,NA,NA,-2.33253320647304,0.0893759571867285,0.95,-2.50273334276381,-2.15208464132901,-26.0979941350424,56,3.84203567735418e-150
"DBH05",-0.445295730136641,0.124370961385187,-3.58038343659277,0.00071784513012173,1.90517430866591,1.46334830565911,2.76830371248105,1.38028051810706,0.524886355779303,0.361232040939528,0.683364306455797,-0.445295730136641,0.124370961385187,0.95,-0.723911477458562,-0.181399298271106,-3.58038343659277,56,0.000343090370948013
"slope",0.338709845367051,0.112346338839102,3.01487212549168,0.0038588204934573,1.55458538968038,1.24418852806038,2.25953891810546,1.24683013665871,0.643258328965513,0.442568168216578,0.803736714691417,0.338709845367051,0.112346338839102,0.95,0.12342861056495,0.552223994117737,3.01487212549168,56,0.00257087621041443
"TPI",0.414532826705017,0.124003848593503,3.34290291314986,0.00148270657665908,1.89394368695771,1.45623170057221,2.75159971227178,1.37620626613808,0.527998803177894,0.363424954414746,0.686703908180999,0.414532826705017,0.124003848593503,0.95,0.169320235537005,0.665160043249037,3.34290291314986,56,0.000829069006395165
"two_DB",-0.318800386764392,0.112605048552601,-2.83113759873273,0.00643116735522942,1.56175339212207,1.24857516409994,2.26950282705547,1.24970132116521,0.640305956781835,0.440625139602683,0.800912935602773,-0.318800386764392,0.112605048552601,0.95,-0.542892723250795,-0.110011663933087,-2.83113759873273,56,0.00463827624430582
"two_EB",-0.579137935005299,0.151643100485773,-3.81908529402322,0.000337580737567721,2.83231820841051,2.05812842467655,4.17295135313938,1.68294925901244,0.353067673339289,0.239638547247306,0.48587832907325,-0.579137935005299,0.151643100485773,0.95,-0.9482331865994,-0.222036081520149,-3.81908529402322,56,0.000133947445026711
"(Intercept)",-2.33037973264348,0.08978628070808,-25.9547417964688,6.67892352258851e-33,NA,NA,NA,NA,NA,NA,NA,-2.33037973264348,0.08978628070808,0.95,-2.50133893890837,-2.14907766229313,-25.9547417964688,56,1.60746474344278e-148
"DBH05",-0.442090692048549,0.125042389533893,-3.53552658179744,0.00082489880212765,1.90823874992618,1.46529088581624,2.77286435649904,1.38139015123396,0.524043440601279,0.360637907749147,0.682458349860651,-0.442090692048549,0.125042389533893,0.95,-0.72202257353359,-0.177123585859029,-3.53552658179744,56,0.000406963298806841
"slope",0.334256989721916,0.113122317544528,2.95482798600146,0.00456918982101466,1.56176170609825,1.24858025554595,2.26951440187927,1.24970464754607,0.640302548138604,0.440622892356158,0.800909669649344,0.334256989721916,0.113122317544528,0.95,0.117557813934987,0.549050140772577,2.95482798600146,56,0.00312843423871946
"TPI",0.400720465183505,0.123715845279271,3.23903914069321,0.00201908432944772,1.86796543378127,1.43978615131299,2.71302345921971,1.36673531957774,0.535341811960475,0.368592463364695,0.694547588951362,0.400720465183505,0.123715845279271,0.95,0.156188115794725,0.650009552026168,3.23903914069321,56,0.0011993311372431
"two_DB",-0.321923682075923,0.115384947754113,-2.78999720797158,0.00719178026183931,1.62486205725253,1.28743322755895,2.35841146101937,1.27470077165291,0.615436858493019,0.424014221660784,0.776739312450449,-0.321923682075923,0.115384947754113,0.95,-0.5515777120216,-0.107904236790537,-2.78999720797158,56,0.00527084960914447
"two_EB",-0.559688472541562,0.152833624465429,-3.66207681391579,0.000556017064821709,2.85072948125815,2.07001283706633,4.20108272923993,1.6884103414923,0.350787406021654,0.238033874705658,0.483088791573497,-0.559688472541562,0.152833624465429,0.95,-0.931491254059495,-0.2002520416373,-3.66207681391579,56,0.000250178814774219
"(Intercept)",-2.33092478542069,0.0899706540652781,-25.9076118723055,7.33785636685468e-33,NA,NA,NA,NA,NA,NA,NA,-2.33092478542069,0.0899706540652781,0.95,-2.5022250046695,-2.14923912721105,-25.9076118723055,56,5.46631533912887e-148
"DBH05",-0.446123703440212,0.126182791327874,-3.53553522430014,0.000824876781880328,1.93524810456349,1.48242500155688,2.81310880295757,1.39113195080966,0.516729610865866,0.35547860749241,0.674570382278882,-0.446123703440212,0.126182791327874,0.95,-0.728149410947195,-0.179407553022716,-3.53553522430014,56,0.00040694998679534
"slope",0.328263762805185,0.113524401327531,2.89157008507895,0.00544782436490601,1.56644384550791,1.25144884499422,2.27603938734009,1.25157654400676,0.638388667980468,0.439359707728371,0.799073812725138,0.328263762805185,0.113524401327531,0.95,0.110925511785169,0.543602898142077,2.89157008507895,56,0.00383322085370193
"TPI",0.399576847306806,0.123007193937825,3.24840226425111,0.00196408814445662,1.83906641299388,1.4215203043734,2.67022190416421,1.35612182822705,0.543754153158647,0.374500710386841,0.703472188841364,0.399576847306806,0.123007193937825,0.95,0.155836590435247,0.648212456940878,3.24840226425111,56,0.0011605507103555
"two_DB",-0.32902567259658,0.116682243797645,-2.81984355020793,0.00663221777165377,1.65480160751258,1.30599668380263,2.40120847021212,1.28639092328599,0.604302047725921,0.416456968399607,0.765698728336992,-0.32902567259658,0.116682243797645,0.95,-0.560814930707941,-0.113313590827319,-2.81984355020793,56,0.00480470685264292
"two_EB",-0.550261316495616,0.153666170616162,-3.58088780561922,0.000716720345419446,2.87007289714309,2.08250049321072,4.23064299976111,1.69412894938464,0.348423205903729,0.236370688818808,0.480191963104047,-0.550261316495616,0.153666170616162,0.95,-0.921252636723172,-0.19136238988741,-3.58088780561922,56,0.000342428681375972
"(Intercept)",-2.32938593918333,0.0904269393588977,-25.7598670893656,9.86455338629812e-33,NA,NA,NA,NA,NA,NA,NA,-2.32938593918333,0.0904269393588977,0.95,-2.50152992814446,-2.14675077739577,-25.7598670893656,56,2.49911555052284e-146
"DBH05",-0.44436214780983,0.127649255594716,-3.48111820738438,0.000975198268708879,1.96055511233224,1.49849865127636,2.85088991006337,1.40019824036893,0.51005962225179,0.350767666078614,0.667334601301272,-0.44436214780983,0.127649255594716,0.95,-0.728872873595705,-0.175348096659868,-3.48111820738438,56,0.000499325074919013
"slope",0.326860670154487,0.11426525174459,2.86054303617252,0.00593382657886803,1.57098067842794,1.25423078679499,2.28237393766528,1.25338768081864,0.63654506623257,0.438140299228501,0.797301430110292,0.326860670154487,0.11426525174459,0.95,0.108560437931807,0.54309738262977,2.86054303617252,56,0.00422916148266489
"TPI",0.39211462128233,0.123971723244743,3.1629359584542,0.0025230313981856,1.84921649304209,1.42793213056637,2.68524072053257,1.35985899748544,0.540769565793202,0.372406090952497,0.700313396270005,0.39211462128233,0.123971723244743,0.95,0.147092922396702,0.641756382954115,3.1629359584542,56,0.00156186685942324
"two_DB",-0.333619007449282,0.11884124054468,-2.80726628163944,0.00686293053507414,1.69932652065007,1.33372969071079,2.46543024518711,1.30358218791531,0.588468424312859,0.405608717566499,0.749777115231696,-0.333619007449282,0.11884124054468,0.95,-0.57041462304769,-0.112889475697446,-2.80726628163944,56,0.00499639215572449
"two_EB",-0.534209765064407,0.157054117766,-3.40143749596138,0.0012430085918034,2.96784446454616,2.14564219740992,4.38012325785462,1.72274329618378,0.336944881022571,0.228304077563744,0.466060930945119,-0.534209765064407,0.157054117766,0.95,-0.90771920143464,-0.171740292102798,-3.40143749596138,56,0.000670324555579766
"(Intercept)",-2.32847873624371,0.0907517663350828,-25.6576684981124,1.2115338913397e-32,NA,NA,NA,NA,NA,NA,NA,-2.32847873624371,0.0907517663350828,0.95,-2.501223247013,-2.14516744982469,-25.6576684981124,56,3.47194500345185e-145
"DBH05",-0.446698481656041,0.128328219722645,-3.48090609081532,0.000975832242999,1.9673077874536,1.5027905899402,2.86098223473049,1.4026074958639,0.508308870822068,0.349530307410036,0.665428707561837,-0.446698481656041,0.128328219722645,0.95,-0.731837430496147,-0.177210744400916,-3.48090609081532,56,0.000499720664449179
"slope",0.326205302043636,0.114706983450209,2.84381379609055,0.00621222726365054,1.57183766046842,1.25475653847123,2.28357180503503,1.25372950051772,0.63619801532303,0.437910468939539,0.796967355291395,0.326205302043636,0.114706983450209,0.95,0.106956689995177,0.543320169615687,2.84381379609055,56,0.00445770904931769
"TPI",0.396001356480324,0.123910682868964,3.19586130357377,0.00229199584531362,1.83419486391946,1.41844437625042,2.66301929356834,1.35432450465886,0.54519834270123,0.375513614345632,0.704997683901746,0.396001356480324,0.123910682868964,0.95,0.150778938960298,0.646153074962517,3.19586130357377,56,0.00139414110946023
"two_DB",-0.329396890315973,0.120855096392182,-2.72555233622139,0.00855132245185547,1.74484924729391,1.36221751359578,2.53167746000666,1.32092741938909,0.573115414727605,0.394995024365138,0.734097154103055,-0.329396890315973,0.120855096392182,0.95,-0.569159998088097,-0.105685296904827,-2.72555233622139,56,0.00641939983724301
"two_EB",-0.535129705271544,0.158274345129313,-3.3810261848459,0.00132208519107776,2.99260242011291,2.16163668823385,4.41799156729157,1.72991399211432,0.334157318486119,0.226347195273857,0.462612429481404,-0.535129705271544,0.158274345129313,0.95,-0.910220488557787,-0.170461554648645,-3.3810261848459,56,0.000722156607015249
"(Intercept)",-2.32712310325558,0.0908456322176946,-25.6162354363836,1.31706767629988e-32,NA,NA,NA,NA,NA,NA,NA,-2.32712310325558,0.0908456322176946,0.95,-2.50004112372003,-2.1436164081516,-25.6162354363836,56,1.00597633011763e-144
"DBH05",-0.442292601759915,0.128718580930464,-3.43612086586666,0.00111882691295299,1.9752066025666,1.50781254899642,2.87279325721467,1.40542043622775,0.506276152935391,0.348093270369742,0.663212413682052,-0.442292601759915,0.128718580930464,0.95,-0.726869990181645,-0.173027126362742,-3.43612086586666,56,0.000590107647221698
"slope",0.321317686499462,0.115128495113871,2.79094837626127,0.00717329603510373,1.58014047653462,1.25985441739175,2.29519819555896,1.25703638632087,0.632855125762667,0.435692221236026,0.793742504050807,0.321317686499462,0.115128495113871,0.95,0.101268295604653,0.539200331873849,2.79094837626127,56,0.00525538536222615
"TPI",0.380084588010968,0.124131958932271,3.06193982017435,0.00337550847728728,1.83694968274539,1.42018367074513,2.66709184630001,1.35534116839466,0.544380724955657,0.374940218645741,0.704134275445746,0.380084588010968,0.124131958932271,0.95,0.135654239984976,0.628801734815496,3.06193982017435,56,0.00219907659734507
"two_DB",-0.336403179965887,0.123718675199183,-2.7190978195029,0.00869975398627539,1.82473820033122,1.41247611393173,2.64904845665356,1.35082870873076,0.548023820523122,0.37749403846816,0.70797657400126,-0.336403179965887,0.123718675199183,0.95,-0.582262261717065,-0.105924066378637,-2.7190978195029,56,0.006546024625759
"two_EB",-0.511159953831854,0.160530340201627,-3.18419529410973,0.00237148035179428,3.0721632831024,2.21304960616546,4.53972389093877,1.75275876352178,0.325503532152808,0.220277713804575,0.451865153503132,-0.511159953831854,0.160530340201627,0.95,-0.887676465979664,-0.143928890361659,-3.18419529410973,56,0.00145157043822025
"(Intercept)",-2.32486603210864,0.0913617413955577,-25.4468226699287,1.8554024222443e-32,NA,NA,NA,NA,NA,NA,NA,-2.32486603210864,0.0913617413955577,0.95,-2.49873789550794,-2.14028468787059,-25.4468226699287,56,7.65497430033142e-143
"DBH05",-0.444835813926962,0.12969493790158,-3.42986257693826,0.00114032672802095,1.98269293454969,1.51257376173187,2.8839930478514,1.4080812954335,0.504364535009109,0.34674147385515,0.66112478300233,-0.444835813926962,0.12969493790158,0.95,-0.730786932829808,-0.174210057462454,-3.42986257693826,56,0.000603887013296763
"slope",0.323666626643445,0.115931063270237,2.79188870966336,0.00715506541431951,1.58419648720557,1.26234747565852,2.30089125045575,1.25864867505018,0.631234829818329,0.434614195608734,0.7921749116489,0.323666626643445,0.115931063270237,0.95,0.102527902181254,0.542683957850924,2.79188870966336,56,0.00524013757104388
"TPI",0.377396009750504,0.124789856962885,3.02425228248118,0.00375762836718056,1.83555744965445,1.41930462639817,2.66503350480582,1.35482746121211,0.544793626692674,0.375229804126932,0.704570380030214,0.377396009750504,0.124789856962885,0.95,0.132217270116682,0.626824961788601,3.02425228248118,56,0.00249248496664743
"two_DB",-0.333714012676648,0.128021740493344,-2.60669798262895,0.0116934761243451,1.93186539156471,1.48027787760878,2.80806393232085,1.38991560591451,0.517634408880867,0.356117248076153,0.675548837908316,-0.333714012676648,0.128021740493344,0.95,-0.587445804850681,-0.094306030169192,-2.60669798262895,56,0.00914199561725782
"two_EB",-0.506107756102761,0.163877651676117,-3.08832687633954,0.00312993030375758,3.16554777136686,2.27342006735399,4.68267885067682,1.77919863179097,0.315901092709843,0.213552975100025,0.439865915833096,-0.506107756102761,0.163877651676117,0.95,-0.888702389506388,-0.131863117372653,-3.08832687633954,56,0.00201286935156767
"(Intercept)",-2.32243719448137,0.0919696846327949,-25.2522035250432,2.75706742103236e-32,NA,NA,NA,NA,NA,NA,NA,-2.32243719448137,0.0919696846327949,0.95,-2.49743222039142,-2.13658950357787,-25.2522035250432,56,1.07117343127458e-140
"DBH05",-0.442845902987287,0.130951386215446,-3.38175803850369,0.00131916931159456,1.99466033325619,1.52018784053247,2.90190754466813,1.4123244433402,0.50133849023184,0.344600916675436,0.657813444718604,-0.442845902987287,0.130951386215446,0.95,-0.729902872789909,-0.171193963037746,-3.38175803850369,56,0.000720235535431889
"slope",0.322500798670477,0.11665172129291,2.7646467201344,0.00770088869468802,1.58281826821064,1.26150014777742,2.29895580039663,1.25810105643809,0.631784469565473,0.434980089581311,0.792707001867465,0.322500798670477,0.11665172129291,0.95,0.0997642371698362,0.543111260569385,2.7646467201344,56,0.00569844739848922
"TPI",0.37293021131748,0.125278633338794,2.9768061909564,0.00429612291975255,1.82558796913223,1.41301226761844,2.65030326751833,1.35114320822488,0.547768728162325,0.377315310385732,0.707707939213753,0.37293021131748,0.125278633338794,0.95,0.126941893572552,0.623156002590681,2.9768061909564,56,0.00291268072755193
"two_DB",-0.335866281250199,0.131971764384403,-2.54498591283435,0.0137108208006849,2.02586637873017,1.54005858703444,2.94868085106818,1.42332932897842,0.493615971171214,0.33913470141665,0.64932594670026,-0.335866281250199,0.131971764384403,0.95,-0.597815094870218,-0.0882692185756862,-2.54498591283435,56,0.0109282146873372
"two_EB",-0.489903519183176,0.167108407694595,-2.93165093212136,0.00487457725159791,3.2482193787021,2.32688467788691,4.8092913868152,1.80228171457797,0.307860979636041,0.20793084044388,0.429759158029319,-0.489903519183176,0.167108407694595,0.95,-0.877479297822395,-0.110550305972635,-2.93165093212136,56,0.00337165485060567
"(Intercept)",-2.32401378536735,0.0917236694380295,-25.3371218095183,2.31876963063936e-32,NA,NA,NA,NA,NA,NA,NA,-2.32401378536735,0.0917236694380295,0.95,-2.49855435543035,-2.13867860694687,-25.3371218095183,56,1.24609379320873e-141
"DBH05",-0.442244676084459,0.130331876450833,-3.39321958777517,0.00127429122111797,1.98644525444452,1.51496073093233,2.88960862754403,1.40941308864524,0.503411809493655,0.346067626760213,0.66008311607165,-0.442244676084459,0.130331876450833,0.95,-0.727764248128347,-0.171931428068038,-3.39321958777517,56,0.000690762407694183
"slope",0.324201210229455,0.116517709258302,2.78242004836149,0.00734060365423839,1.5876661303442,1.26448148781831,2.30576806566882,1.26002624192681,0.629855346087912,0.433694964766517,0.790837991408927,0.324201210229455,0.116517709258302,0.95,0.102085357280977,0.544228969608943,2.78242004836149,56,0.00539551574522617
"TPI",0.372204724764139,0.124906075829569,2.97987685780797,0.004259204431573,1.82449397358637,1.41232202688538,2.64868784143133,1.35073830684791,0.548097178986194,0.377545433764519,0.708053815605582,0.372204724764139,0.124906075829569,0.95,0.126491994336534,0.621901352974536,2.97987685780797,56,0.00288364280488067
"two_DB",-0.340879971533482,0.134236376865082,-2.5394008650583,0.0139081488495872,2.10724847369958,1.59197900979628,3.07101799594541,1.45163648125127,0.474552485139238,0.325624923501027,0.628148985537168,-0.340879971533482,0.134236376865082,0.95,-0.607898257201146,-0.0883387480153707,-2.5394008650583,56,0.0111042510183023
"two_EB",-0.482354162480227,0.168339975757134,-2.8653572053267,0.00585587703139769,3.31397955724511,2.36942437723567,4.91003802791719,1.82043389257757,0.301752012263858,0.203664410400543,0.422043433674245,-0.482354162480227,0.168339975757134,0.95,-0.871736479985011,-0.101211853528731,-2.8653572053267,56,0.00416539085802023
"(Intercept)",-2.32281361296915,0.0922144643307064,-25.1892545256122,3.1356112872964e-32,NA,NA,NA,NA,NA,NA,NA,-2.32281361296915,0.0922144643307064,0.95,-2.49826074117562,-2.13645589902638,-25.1892545256122,56,5.25333181606798e-140
"DBH05",-0.437932929821294,0.13114337708235,-3.33934461323426,0.0014986058401637,1.98990698254011,1.51716316150998,2.89479047815501,1.41064062841679,0.50253605257644,0.345448144709025,0.659124888719768,-0.437932929821294,0.13114337708235,0.95,-0.724876123937426,-0.166551769886666,-3.33934461323426,56,0.000839763170335383
"slope",0.320093476961106,0.117231995112696,2.7304276162271,0.00844075301611184,1.59012901457672,1.26599704533848,2.30923354205738,1.26100317786147,0.628879789522105,0.433044116927672,0.789891258974179,0.320093476961106,0.117231995112696,0.95,0.096426194078061,0.541611370025325,2.7304276162271,56,0.00632522215913404
"TPI",0.367662188420711,0.1250491899365,2.94014050476786,0.00476057995016288,1.80926347305404,1.40271780406678,2.62621906011109,1.34508864877154,0.552711097578286,0.380775547321516,0.712901766200431,0.367662188420711,0.1250491899365,0.95,0.121428310908235,0.617866074181277,2.94014050476786,56,0.00328063445254725
"two_DB",-0.344235140538432,0.136957494078337,-2.51344508641154,0.0148594084972825,2.17025943063953,1.63226392899861,3.16603711233346,1.47318004013071,0.460774405991325,0.315852267209518,0.612646020189578,-0.344235140538432,0.136957494078337,0.95,-0.617334235438747,-0.0851616773466548,-2.51344508641154,56,0.0119558389480908
"two_EB",-0.469514416355248,0.170981685544978,-2.74599244275047,0.00809647706928696,3.3825111590389,2.41376710753347,5.01505975962914,1.83916044950921,0.295638344703684,0.199399418537328,0.414290176081594,-0.469514416355248,0.170981685544978,0.95,-0.865018578346118,-0.0823252886226108,-2.74599244275047,56,0.00603281532761603
"(Intercept)",-2.32307743624515,0.0923656772666425,-25.1508731922016,3.3919382123636e-32,NA,NA,NA,NA,NA,NA,NA,-2.32307743624515,0.0923656772666425,0.95,-2.49880381575314,-2.13640461292412,-25.1508731922016,56,1.38245116635699e-139
"DBH05",-0.439634580055933,0.131368959242903,-3.34656362195154,0.0014665163408491,1.99022613982994,1.51736623183763,2.89526827933805,1.41075374882718,0.502455464726961,0.34539113599125,0.659036677512545,-0.439634580055933,0.131368959242903,0.95,-0.727696812722801,-0.167773383672285,-3.34656362195154,56,0.000818199013045457
"slope",0.321048595696226,0.117373655315805,2.73526963808374,0.0083322387261021,1.58875952449273,1.26515424071787,2.30730618051754,1.26046004478235,0.62942187573622,0.433405851570032,0.790417458848798,0.321048595696226,0.117373655315805,0.95,0.0970526495158823,0.542835939854969,2.73526963808374,56,0.00623291960545852
"TPI",0.370238553869635,0.124546395961031,2.97269584569494,0.00434600784511921,1.78887187862815,1.38987500304818,2.5962009260014,1.33748715082731,0.559011526732076,0.385178200186598,0.71948916111655,0.370238553869635,0.124546395961031,0.95,0.124245957446871,0.620382674645272,2.97269584569494,56,0.0029519681595586
"two_DB",-0.348617679334273,0.138654503613196,-2.51429034217894,0.0148275254869678,2.21709788793593,1.66225020488773,3.23680907591298,1.4889922390449,0.451040076056803,0.308946241976888,0.601594150543384,-0.348617679334273,0.138654503613196,0.95,-0.625234331689823,-0.0861206919421566,-2.51429034217894,56,0.0119272196105225
"two_EB",-0.462328673967539,0.171375091426756,-2.69775887568313,0.00920746263391664,3.38697745980228,2.41665732722729,5.02190514537183,1.84037427166386,0.295248495706959,0.199127616124251,0.413794702597465,-0.462328673967539,0.171375091426756,0.95,-0.859831219210326,-0.0739066238791414,-2.69775887568313,56,0.0069807983926925
"(Intercept)",-2.32144223064318,0.0926844323823526,-25.0467329946684,4.20012525054744e-32,NA,NA,NA,NA,NA,NA,NA,-2.32144223064318,0.0926844323823526,0.95,-2.49775718227166,-2.134105055398,-25.0467329946684,56,1.89497092582805e-138
"DBH05",-0.440246469970634,0.132360556155765,-3.32611529262948,0.0015591429724943,2.00651182267129,1.52773166408413,2.9196612940314,1.41651396839964,0.498377327609606,0.342505482414785,0.654565211620127,-0.440246469970634,0.132360556155765,0.95,-0.729819104995565,-0.16720799068603,-3.32611529262948,56,0.000880654938809102
"slope",0.322003000556705,0.117731889021653,2.73505337621384,0.00833705789096523,1.58749651703383,1.26437713772499,2.30552951929572,1.25995893466169,0.629922641889291,0.433739837911715,0.790903259923944,0.322003000556705,0.117731889021653,0.95,0.0976143795613806,0.544260722079821,2.73505337621384,56,0.00623701615260245
"TPI",0.367903805845568,0.125144849303353,2.93982379533468,0.00476478783164143,1.79370292236717,1.39291592550068,2.60330566436432,1.33929194814543,0.557505921147907,0.384127001945499,0.717918419692528,0.367903805845568,0.125144849303353,0.95,0.121262106899543,0.618613261999847,2.93982379533468,56,0.0032839894328418
"two_DB",-0.3537319341439,0.141313625867667,-2.50316932972303,0.0152520003148333,2.28713940268843,1.70714778836062,3.34283111567657,1.51232913173305,0.437227393671127,0.299147628281427,0.58577236652739,-0.3537319341439,0.141313625867667,0.95,-0.636283854894721,-0.085439191446688,-2.50316932972303,56,0.0123086639128828
"two_EB",-0.449068864131739,0.174210825475029,-2.57773225577252,0.0126040780976316,3.47596050793102,2.47424794188127,5.15831032398195,1.86439279872322,0.287690265098905,0.193861930979766,0.404163213828788,-0.449068864131739,0.174210825475029,0.95,-0.851442198725121,-0.0554794419333296,-2.57773225577252,56,0.00994510228830828
"(Intercept)",-2.32210427002768,0.0927628801192499,-25.0326883667533,4.32318887942697e-32,NA,NA,NA,NA,NA,NA,NA,-2.32210427002768,0.0927628801192499,0.95,-2.49856405456531,-2.13460357145784,-25.0326883667533,56,2.69510195436336e-138
"DBH05",-0.441372363940911,0.132797639837805,-3.32364614672362,0.00157069479437867,2.01637084900828,1.53400979098082,2.93443963043536,1.4199897355292,0.495940516344915,0.34078056662956,0.651886321638543,-0.441372363940911,0.132797639837805,0.95,-0.731979163326358,-0.167710533380657,-3.32364614672362,56,0.000888488544369362
"slope",0.320955394058236,0.118157667164307,2.71633150654475,0.00876409043234435,1.59629632170773,1.26979485261169,2.31792471146192,1.26344620847416,0.626450106036825,0.431420397330031,0.787528786987302,0.320955394058236,0.118157667164307,0.95,0.0959373074014033,0.543792635000816,2.71633150654475,56,0.00660097853605103
"TPI",0.363002969763307,0.125021689163922,2.90351995874378,0.0052706890795153,1.78714759793155,1.38878991045372,2.59366620447104,1.33684239831461,0.559550873781998,0.385554624676132,0.720051314077663,0.363002969763307,0.125021689163922,0.95,0.116392237301348,0.613488991325613,2.90351995874378,56,0.00368993450599145
"two_DB",-0.368014883221241,0.144275306139157,-2.55078220292447,0.0135087173167912,2.37998218421945,1.76675074113645,3.48366349922338,1.5427190879157,0.420171212469797,0.287054131440345,0.566010799778557,-0.368014883221241,0.144275306139157,0.95,-0.65601166242071,-0.0943470459018271,-2.55078220292447,56,0.0107481469495605
"two_EB",-0.429822587633084,0.175812374836108,-2.44478005620346,0.0176661244173485,3.53417929067192,2.51193557365511,5.24757826270671,1.8799412997942,0.282951123232313,0.190564094509416,0.398099382200676,-0.429822587633084,0.175812374836108,0.95,-0.834284699652301,-0.0340929577352337,-2.44478005620346,56,0.0144940502195264
"(Intercept)",-2.32298363458638,0.0929168917215897,-25.0006601764813,4.61772158133791e-32,NA,NA,NA,NA,NA,NA,NA,-2.32298363458638,0.0929168917215897,0.95,-2.49972774000679,-2.13516187567962,-25.0006601764813,56,6.01316392161244e-138
"DBH05",-0.444541152774793,0.133558345036092,-3.32844160845706,0.00154833290266204,2.03278223611942,1.54446538317261,2.95905778440587,1.42575672403093,0.491936608964569,0.33794541129611,0.647473236302534,-0.444541152774793,0.133558345036092,0.95,-0.736625247362814,-0.169604967278323,-3.32844160845706,56,0.000873333103075858
"slope",0.319329306422731,0.118501174017801,2.69473538190231,0.00928155627944818,1.60027310033363,1.27224574863208,2.32353873951992,1.26501901184671,0.624893338388,0.430378019092815,0.786011665651235,0.319329306422731,0.118501174017801,0.95,0.0938359270530629,0.542593795834115,2.69473538190231,56,0.00704445512362072
"TPI",0.358399252508835,0.12529430686361,2.8604591978706,0.00593519252976227,1.7890046725411,1.38995857625467,2.59639615897341,1.33753679296724,0.5589700325263,0.385149237162403,0.719445900822862,0.358399252508835,0.12529430686361,0.95,0.110704926177068,0.609636550210003,2.8604591978706,56,0.00423027984486723
"two_DB",-0.384382572098214,0.14767578630533,-2.60288149949969,0.0118099277411509,2.48523455191015,1.83442250114443,3.64365075385944,1.57646267063643,0.402376507775251,0.27445001388807,0.545130687928291,-0.384382572098214,0.14767578630533,0.95,-0.678087742115313,-0.104540016570408,-2.60288149949969,56,0.0092443900139586
"two_EB",-0.411155053649266,0.178602050311326,-2.3020735368523,0.0250722007384515,3.63514450237695,2.57730838295324,5.40242797379042,1.90660549206619,0.275092227928249,0.185101958758441,0.388001686804021,-0.411155053649266,0.178602050311326,0.95,-0.817890023468315,-0.0126496051777658,-2.3020735368523,56,0.0213310254945123
"(Intercept)",-2.321888149383,0.0931312753514105,-24.9313470756399,5.32694428102129e-32,NA,NA,NA,NA,NA,NA,NA,-2.321888149383,0.0931312753514105,0.95,-2.49902798246074,-2.13361942012695,-24.9313470756399,56,3.40282017226769e-137
"DBH05",-0.438370986399091,0.133870172346084,-3.2745979086798,0.00181762864050668,2.03289379356251,1.54453647654611,2.95922520295958,1.42579584568146,0.491909613363307,0.337926291990174,0.647443433797173,-0.438370986399091,0.133870172346084,0.95,-0.73101921876353,-0.163146528335876,-3.2745979086798,56,0.00105812464737234
"slope",0.319497131902579,0.118768088183306,2.69009240436259,0.0093964010443813,1.60009797754899,1.27213778746675,2.32329135916998,1.26494979250127,0.624961729863433,0.430423845056291,0.78607837126773,0.319497131902579,0.118768088183306,0.95,0.0940737982338838,0.542852479689484,2.69009240436259,56,0.00714322366282952
"TPI",0.353380004623155,0.125715041659212,2.81096040664009,0.00679441023845458,1.79275743461326,1.39232069876807,2.60191484188327,1.33893892116603,0.557799945878191,0.384332332443362,0.718225334784436,0.353380004623155,0.125715041659212,0.95,0.105085563103082,0.605036535460494,2.81096040664009,56,0.00493938637524629
"two_DB",-0.392356869505262,0.151430065332894,-2.59101036932614,0.0121789321178936,2.60118514049224,1.90907476864524,3.82022331117373,1.61281900425691,0.384440147851514,0.261764802354645,0.523813952404621,-0.392356869505262,0.151430065332894,0.95,-0.692633462477539,-0.105850682689178,-2.59101036932614,56,0.00956946080522983
"two_EB",-0.38930828083279,0.182768006162637,-2.13006799716556,0.0375735904068464,3.78919881785464,2.67708462686208,5.63878203932847,1.946586452705,0.263908031240804,0.177343261900418,0.373540675541566,-0.38930828083279,0.182768006162637,0.95,-0.803834030887758,0.0164826621017753,-2.13006799716556,56,0.0331659999915985
"(Intercept)",-2.32198279421544,0.0930037158981629,-24.9665593658426,4.95378775765832e-32,NA,NA,NA,NA,NA,NA,NA,-2.32198279421544,0.0930037158981629,0.95,-2.49888717431096,-2.13398002268606,-24.9665593658426,56,1.41154929845794e-137
"DBH05",-0.444264592228672,0.13396978194457,-3.31615522381373,0.00160623790610715,2.0415087460903,1.55002744727641,2.97215697789981,1.42881375486461,0.489833806450794,0.336455983797538,0.645149866060194,-0.444264592228672,0.13396978194457,0.95,-0.737781065015132,-0.168565182707082,-3.31615522381373,56,0.000912651219357606
"slope",0.317859950161917,0.118874293656884,2.67391662556902,0.0098067515350677,1.60736105917039,1.27661787866376,2.33356331838901,1.26781743921212,0.622137754485687,0.428529190581534,0.783319751910965,0.317859950161917,0.118874293656884,0.95,0.0923534285259578,0.541319149432936,2.67391662556902,56,0.00749710877630318
"TPI",0.353799006528652,0.125388478117715,2.82162294207371,0.00660016161666709,1.78835118294234,1.38954731370933,2.59543543434707,1.33729248219764,0.559174288326704,0.385291803743739,0.719658834308095,0.353799006528652,0.125388478117715,0.95,0.106268831251319,0.604806215597118,2.82162294207371,56,0.00477813191763444
"two_DB",-0.396682669724036,0.154315738645376,-2.57059113481373,0.0128382645427226,2.70868178826118,1.97836215919044,3.98416432617478,1.64580733631284,0.369183270007491,0.250993663446635,0.505468624819032,-0.396682669724036,0.154315738645376,0.95,-0.703416259498064,-0.103371264835241,-2.57059113481373,56,0.0101525110261832
"two_EB",-0.386726338786821,0.184580131229027,-2.09516775295263,0.0406908322209392,3.8753188846191,2.73287562453975,5.77094753435811,1.96858296361091,0.258043281023644,0.173281769422849,0.365914932615498,-0.386726338786821,0.184580131229027,0.95,-0.805749238477992,0.0236323211382008,-2.09516775295263,56,0.036156082768471
"(Intercept)",-2.32222265003745,0.0930260557939299,-24.9631421026987,4.98880710331974e-32,NA,NA,NA,NA,NA,NA,NA,-2.32222265003745,0.0930260557939299,0.95,-2.49916826674167,-2.13417330208229,-24.9631421026987,56,1.5374663063674e-137
"DBH05",-0.443755483451507,0.133864175158833,-3.31496819761509,0.00161193943462887,2.03731256038408,1.54735269199684,2.96585741454026,1.42734458361815,0.490842701039196,0.337170625633401,0.646265072709124,-0.443755483451507,0.133864175158833,0.95,-0.737151577440408,-0.168279641302316,-3.31496819761509,56,0.000916535512301885
"slope",0.316769975390829,0.118957325405547,2.66288750449713,0.0100958731577536,1.60883428339097,1.27752722220731,2.33564982088605,1.26839831417066,0.621568057272051,0.428146373252408,0.782762185115867,0.316769975390829,0.118957325405547,0.95,0.0909374990667842,0.540497413974369,2.66288750449713,56,0.00774733097075025
"TPI",0.351476068506272,0.125021450902547,2.81132610419186,0.00678766156560827,1.77704325639366,1.38243407516505,2.57882432951686,1.33305785935707,0.562732503219649,0.387773602317203,0.7233617992819,0.351476068506272,0.125021450902547,0.95,0.10409814360739,0.602139571663911,2.81132610419186,56,0.00493377524530342
"two_DB",-0.397537354401314,0.15710480840741,-2.53039584485794,0.0142317366902626,2.80613063401724,2.04122699767567,4.1329459132519,1.67515092872769,0.356362596907474,0.241958162770433,0.489901417695677,-0.397537354401314,0.15710480840741,0.95,-0.709522123927855,-0.0985477853252513,-2.53039584485794,56,0.0113933906266311
"two_EB",-0.382205252911936,0.186654734373819,-2.0476590331027,0.0452945816561905,3.96101922297391,2.78840340235139,5.90249281973704,1.99023094714506,0.252460274416241,0.169419943495086,0.358628166626366,-0.382205252911936,0.186654734373819,0.95,-0.804973754612074,0.0313932211393491,-2.0476590331027,56,0.0405934206227369
"(Intercept)",-2.32039381560955,0.0935766672196643,-24.7967135884697,7.03750384282627e-32,NA,NA,NA,NA,NA,NA,NA,-2.32039381560955,0.0935766672196643,0.95,-2.49835561886895,-2.13119627834276,-24.7967135884697,56,9.72741308595695e-136
"DBH05",-0.442580361433733,0.135036298711513,-3.27749179781094,0.00180209644200314,2.04882115473731,1.55468947464163,2.98313807078313,1.43137037650544,0.488085549921127,0.335217471089926,0.643215263440636,-0.442580361433733,0.135036298711513,0.95,-0.738124098073309,-0.165475420486299,-3.27749179781094,56,0.00104733773372908
"slope",0.317378848813143,0.119671904178318,2.65207486245251,0.0103868655215926,1.60911617837627,1.27770124438541,2.33604917608789,1.26850943172539,0.6214591671119,0.428073180237871,0.782655573354325,0.317378848813143,0.119671904178318,0.95,0.0901889593170902,0.542576792594142,2.65207486245251,56,0.0079998802376958
"TPI",0.345788540705563,0.125438424066692,2.75663970811462,0.00786845764226055,1.76792638261117,1.37670364841672,2.56545053807898,1.32963392804605,0.565634412063603,0.389795080886184,0.726372739078632,0.345788540705563,0.125438424066692,0.95,0.0978015558930525,0.596899581916576,2.75663970811462,56,0.005839865929116
"two_DB",-0.400664092660011,0.160310143749932,-2.49930592841965,0.0154020133044758,2.88752003051019,2.09376527667762,4.25730935287981,1.69927044066275,0.346317943922042,0.2348901423674,0.477608455512643,-0.400664092660011,0.160310143749932,0.95,-0.721250382456312,-0.0924211085036236,-2.49930592841965,56,0.0124436835622656
"two_EB",-0.371907397583177,0.189190845711631,-1.96577903219507,0.0542898800863476,4.02164040569075,2.82768649801386,5.99555626811536,2.00540280385033,0.248654752569367,0.166790195151373,0.353645993182904,-0.371907397583177,0.189190845711631,0.95,-0.803243316241209,0.0498435192193296,-1.96577903219507,56,0.0493241408828019
"(Intercept)",-2.31976447941475,0.0939046723418027,-24.7033978348922,8.54213219969316e-32,NA,NA,NA,NA,NA,NA,NA,-2.31976447941475,0.0939046723418027,0.95,-2.49833146711452,-2.12988275091561,-24.7033978348922,56,9.83247926484432e-135
"DBH05",-0.445512092397933,0.136081893194673,-3.27385283919148,0.00182164800631139,2.06616227371732,1.5657498265317,3.00919547932797,1.43741513617929,0.483989090653978,0.332314735572886,0.638671633906615,-0.445512092397933,0.136081893194673,0.95,-0.743804264680447,-0.166080849024411,-3.27385283919148,56,0.00106091846911703
"slope",0.321168509837917,0.119817153166136,2.68048857238822,0.00963809431490685,1.60177582759338,1.27317228528946,2.3256621047482,1.26561282689193,0.62430708640576,0.429985077349949,0.785439654596822,0.321168509837917,0.119817153166136,0.95,0.0936263574440055,0.546718700373838,2.68048857238822,56,0.0073514774515275
"TPI",0.347784000302745,0.12572675238205,2.76618932497294,0.00766898511523662,1.7636773490089,1.37403433384381,2.55922342047027,1.32803514599912,0.566997132758978,0.390743532589369,0.727783851807066,0.347784000302745,0.12572675238205,0.95,0.0994844566247871,0.599421662102203,2.76618932497294,56,0.00567155970725792
"two_DB",-0.395678809547625,0.163160409293115,-2.42509081254383,0.018554621738103,2.97025211895091,2.14719753059605,4.3838055859601,1.7234419395358,0.336671757127876,0.228112305710516,0.465723337397097,-0.395678809547625,0.163160409293115,0.95,-0.721925663153228,-0.0819075152467128,-2.42509081254383,56,0.0153045578321327
"two_EB",-0.37645208324606,0.192826493825988,-1.95228402371814,0.0559107045218598,4.14855785682548,2.90994209107967,6.19042782714608,2.03680088786938,0.241047620525464,0.161539723573681,0.343649450298501,-0.37645208324606,0.192826493825988,0.95,-0.814698764574701,0.0522092398752857,-1.95228402371814,56,0.050904493174378
"(Intercept)",-2.31947512925631,0.0939669193861404,-24.6839541448075,8.8947365235908e-32,NA,NA,NA,NA,NA,NA,NA,-2.31947512925631,0.0939669193861404,0.95,-2.49815695134085,-2.12946354154343,-24.6839541448075,56,1.5904659767198e-134
"DBH05",-0.443616440599124,0.136540999395661,-3.24896142962626,0.00196084885971325,2.07737223012406,1.5729029347704,3.02605162549514,1.44130920697957,0.481377379315539,0.330463628437395,0.635767139786012,-0.443616440599124,0.136540999395661,0.95,-0.742633274194093,-0.163246357692586,-3.24896142962626,56,0.0011582718233439
"slope",0.323778044637299,0.119608849069567,2.70697400030145,0.00898496817449743,1.59409716723504,1.26844018203558,2.31482344200584,1.26257560852214,0.627314332246445,0.431998389965102,0.788369853117714,0.323778044637299,0.119608849069567,0.95,0.0964904887929951,0.549081380658458,2.70697400030145,56,0.00678995748079784
"TPI",0.350268766733257,0.125450777764455,2.7920812686464,0.0071513374679295,1.75361755138213,1.36771830699324,2.54449588978889,1.32424225554924,0.570249766952801,0.393005154385597,0.731144706396724,0.350268766733257,0.125450777764455,0.95,0.10269129534554,0.601395800777311,2.7920812686464,56,0.00523702010321133
"two_DB",-0.392516804647974,0.164749834434284,-2.38250196727537,0.0206151602311803,3.02439241927173,2.18217719227697,4.4666247107267,1.73907803714259,0.330644923465586,0.223882699972191,0.458257928613286,-0.392516804647974,0.164749834434284,0.95,-0.722843444783088,-0.0741957654485089,-2.38250196727537,56,0.0171954401047834
"two_EB",-0.376693357453142,0.195474702773555,-1.92706960086552,0.0590501376348349,4.2576434576428,2.98065252489362,6.35795186876251,2.06340579083291,0.234871710125215,0.157283354866704,0.33549700666155,-0.376693357453142,0.195474702773555,0.95,-0.820723412946454,0.0577612406921702,-1.92706960086552,56,0.0539709565942194
