"Row.names","Estimate","Std. Error","t value","Pr(>|t|)","VIF","VIF_CI_low","VIF_CI_high","SE_factor","Tolerance","Tolerance_CI_low","Tolerance_CI_high","Coefficient","SE","CI","CI_low","CI_high","t","df_error","p"
"(Intercept)",-2.03784441846252,0.0691191734453032,-29.4830553793463,5.51259291413641e-65,NA,NA,NA,NA,NA,NA,NA,-2.03784441846252,0.0691191734453032,0.95,-2.17032191017274,-1.89923938281417,-29.4830553793463,153,4.74798979655297e-191
"DBH05",0.429474941139211,0.0703448407641537,6.10527988227479,8.09704525463383e-09,1.02926544419135,1.00014251911182,7.00948330926142,1.01452720229245,0.971566669845464,0.142663867774495,0.999857501196986,0.429474941139211,0.0703448407641537,0.95,0.287780521786522,0.570901528615958,6.10527988227479,153,1.02620693472418e-09
"slope",0.0572035251237208,0.0708874900515298,0.806962202810935,0.420940914576604,1.04520646960313,1.00129739685707,2.57517330402026,1.02235339760923,0.956748765992336,0.388323379416383,0.998704284200534,0.0572035251237208,0.0708874900515298,0.95,-0.0822410240770294,0.203854585123561,0.806962202810935,153,0.419688259710716
"TPI",-0.304166048331253,0.072138652336068,-4.21640879724579,4.23179949762792e-05,1.08242780584793,1.01029374561424,1.66004576288567,1.04039790746038,0.92384914226833,0.602393031781061,0.98981113596028,-0.304166048331253,0.072138652336068,0.95,-0.451866009207407,-0.158918859891506,-4.21640879724579,153,2.48223609929409e-05
"two_DB",0.0840604618144837,0.0709014206391837,1.18559629774227,0.237619829696037,1.04561731137526,1.00134815287753,2.54354831101982,1.02255430729877,0.956372842263616,0.393151565341826,0.998653662191661,0.0840604618144837,0.0709014206391837,0.95,-0.055482450141805,0.234122109950382,1.18559629774227,153,0.235781765031582
"two_EB",-0.00286114121027231,0.0720511265025485,-0.0397098747674835,0.968376198084312,1.07980277977384,1.00939732198151,1.67769133293124,1.03913559258349,0.926095041364356,0.596057200970819,0.990690165530596,-0.00286114121027231,0.0720511265025485,0.95,-0.142747949477034,0.147100718258337,-0.0397098747674835,153,0.968324428961851
"(Intercept)",-2.03515737020232,0.0690439865947321,-29.4762436321659,5.68101516903048e-65,NA,NA,NA,NA,NA,NA,NA,-2.03515737020232,0.0690439865947321,0.95,-2.16749393188888,-1.89670658996078,-29.4762436321659,153,5.80523318775647e-191
"DBH05",0.419944674947299,0.0706031268707177,5.94796142267559,1.7770315422526e-08,1.03909705637535,1.00067455926992,3.26604226696162,1.01936110205136,0.962374009111588,0.306180973257978,0.999325895453547,0.419944674947299,0.0706031268707177,0.95,0.278898129588419,0.560872957557559,5.94796142267559,153,2.71502558690085e-09
"slope",0.0721802640391746,0.0707286335201288,1.02052394407751,0.309090989782624,1.04279461226786,1.00102224545273,2.79152554238774,1.02117315488993,0.958961609731767,0.358227064311454,0.998978798465894,0.0721802640391746,0.0707286335201288,0.95,-0.0679517263757171,0.2194996847827,1.02052394407751,153,0.307480039380093
"TPI",-0.276138283477065,0.0836656363486265,-3.30049821561655,0.00120097770146989,1.4591585379902,1.24822995241817,1.84931959642861,1.20795634771717,0.685326490552132,0.540739416773169,0.801134436858145,-0.276138283477065,0.0836656363486265,0.95,-0.441902566090239,-0.11302116442418,-3.30049821561655,153,0.000965133273567668
"two_DB",-0.00489905243400881,0.0712774009301118,-0.0687321980049804,0.94529253362668,1.05903900030231,1.00363383397603,1.95920825763915,1.0290962055621,0.944252288834068,0.510410261951938,0.996379322963204,-0.00489905243400881,0.0712774009301118,0.95,-0.148498590588016,0.13861085449674,-0.0687321980049804,153,0.945202788496448
"two_EB",-0.0445909095399121,0.08286359801006,-0.538124225965888,0.591273240388311,1.43131695928472,1.22840206315501,1.81450367302664,1.19637659592819,0.698657270504035,0.551114894318167,0.814065711866042,-0.0445909095399121,0.08286359801006,0.95,-0.207594944277128,0.119510327229473,-0.538124225965888,153,0.590491288356686
"(Intercept)",-2.03566245436714,0.0688224583954395,-29.5784617670971,3.61841128784106e-65,NA,NA,NA,NA,NA,NA,NA,-2.03566245436714,0.0688224583954395,0.95,-2.16758374277165,-1.8976661213206,-29.5784617670971,153,2.82825534585014e-192
"DBH05",0.403941089297827,0.0719724843280643,5.61243776797514,9.126621252843e-08,1.08675735076804,1.01184440397394,1.63547629149144,1.04247654686714,0.920168609205427,0.611442675875217,0.988294243732113,0.403941089297827,0.0719724843280643,0.95,0.259852044629534,0.548019672457414,5.61243776797514,153,1.99495966090034e-08
"slope",0.0795230683731263,0.0709612672985223,1.12065456833776,0.264190872682851,1.05643388990318,1.00309582759967,2.02873426477043,1.02782969888167,0.946580765306244,0.492918179263443,0.996913726969557,0.0795230683731263,0.0709612672985223,0.95,-0.0608084828876238,0.227257857587937,1.12065456833776,153,0.26243492769245
"TPI",-0.281604071921022,0.0875907850352301,-3.2149965525227,0.00159148146798038,1.60959434017424,1.35669282789333,2.0418074895624,1.26869789160944,0.621274550388732,0.489762137278828,0.737086523522642,-0.281604071921022,0.0875907850352301,0.95,-0.456999296425118,-0.111063188561936,-3.2149965525227,153,0.00130446088842931
"two_DB",-0.0506666946459822,0.072302512603349,-0.700759805180483,0.484517266282971,1.09674680640047,1.01573742919969,1.59475689643612,1.04725680059882,0.911787473794435,0.627054820853728,0.984506400229744,-0.0506666946459822,0.072302512603349,0.95,-0.203422809572271,0.0948988210174268,-0.700759805180483,153,0.483452926342811
"two_EB",-0.0242211732684469,0.0859684020808758,-0.281745067747805,0.778519711844966,1.55051976856755,1.31388612327756,1.965547671936,1.24519868638204,0.644945017968944,0.508764053031098,0.761100967795782,-0.0242211732684469,0.0859684020808758,0.95,-0.198128166765628,0.15046141366626,-0.281745067747805,153,0.778138994668629
"(Intercept)",-2.03697730829962,0.0683073658194387,-29.8207562810151,1.24751003033902e-65,NA,NA,NA,NA,NA,NA,NA,-2.03697730829962,0.0683073658194387,0.95,-2.16793278752494,-1.90003738680138,-29.8207562810151,153,2.10270194947025e-195
"DBH05",0.387686848295549,0.0737723981593551,5.25517480749521,4.88894224927493e-07,1.15907807366376,1.0469722531918,1.5387400390874,1.07660488279766,0.862754651927006,0.649882354782348,0.95513514990622,0.387686848295549,0.0737723981593551,0.95,0.237750039524216,0.536661835569696,5.25517480749521,153,1.47883939700206e-07
"slope",0.0812791512772839,0.0709300076450743,1.1459064220604,0.253622979574851,1.07148205163844,1.00679089805552,1.75243121965075,1.03512417208683,0.933286748453572,0.570635805152623,0.993254907182179,0.0812791512772839,0.0709300076450743,0.95,-0.0565532919942578,0.225941663228379,1.1459064220604,153,0.251833873712047
"TPI",-0.280224645465271,0.089549165741265,-3.12928259181025,0.00209887537614126,1.70784312471484,1.4282996445143,2.16983961024359,1.30684472096529,0.585533873415316,0.460863556586902,0.70013319952905,-0.280224645465271,0.089549165741265,0.95,-0.456636324695746,-0.107498933104078,-3.12928259181025,153,0.00175233693013914
"two_DB",-0.0799723937856279,0.073817836822911,-1.08337492979484,0.280346380981416,1.16050633625327,1.04778587737335,1.53911919992947,1.07726799648615,0.861692839376067,0.649722256759466,0.954393470645793,-0.0799723937856279,0.073817836822911,0.95,-0.24223489349095,0.0703147683428219,-1.08337492979484,153,0.27864203878587
"two_EB",-0.0176147521489109,0.0876425467603871,-0.200984028876628,0.840977999173608,1.63589289166562,1.37581567916052,2.07595236732568,1.27902028586947,0.611286964504031,0.481706620893349,0.726841549450991,-0.0176147521489109,0.0876425467603871,0.95,-0.19267327737258,0.154375995439492,-0.200984028876628,153,0.840711062365608
"(Intercept)",-2.04004955291913,0.068273274434287,-29.8806461213849,9.59711776597982e-66,NA,NA,NA,NA,NA,NA,NA,-2.04004955291913,0.068273274434287,0.95,-2.17094109796019,-1.903179536825,-29.8806461213849,153,3.51153297877691e-196
"DBH05",0.350444386293279,0.080800668835034,4.33714709724446,2.60814303301954e-05,1.39183710187164,1.20048140860077,1.76583816661476,1.17976145973313,0.718474883774313,0.566303310748499,0.832999155868273,0.350444386293279,0.080800668835034,0.95,0.185233234798099,0.513286432010636,4.33714709724446,153,1.44344028432913e-05
"slope",0.0960161116236919,0.0713663378734622,1.34539776713688,0.180487387663335,1.08578870924566,1.01148990466678,1.64053644024675,1.04201185657633,0.920989499600472,0.609556712955179,0.988640613600026,0.0960161116236919,0.0713663378734622,0.95,-0.043538687314505,0.242074069352197,1.34539776713688,153,0.178496815950084
"TPI",-0.268895613777185,0.09373423113581,-2.86870239952773,0.00470435684095408,1.87307402194847,1.54948437281932,2.3872246154886,1.36860294532361,0.533881730397258,0.418896484860235,0.645375982837748,-0.268895613777185,0.09373423113581,0.95,-0.449286544193181,-0.0915670412284763,-2.86870239952773,153,0.00412159399923007
"two_DB",-0.127505134233513,0.0807608733452139,-1.5787983580674,0.116447571547684,1.39046643996703,1.19951681551828,1.7641663703607,1.17918041027106,0.719183125357352,0.566839962942691,0.83366901327509,-0.127505134233513,0.0807608733452139,0.95,-0.305247061227325,0.0343037063571872,-1.5787983580674,153,0.114382315348284
"two_EB",-0.0428491703443965,0.0930534728773055,-0.460479002228049,0.645826239860359,1.84596588317652,1.52955442385412,2.35143479737181,1.35866327071005,0.54172182114179,0.425272264031176,0.65378517063828,-0.0428491703443965,0.0930534728773055,0.95,-0.22612394850007,0.135689043798791,-0.460479002228049,153,0.645172439891659
"(Intercept)",-2.04762477847613,0.0674857327487946,-30.3415951057108,1.29081825173202e-66,NA,NA,NA,NA,NA,NA,NA,-2.04762477847613,0.0674857327487946,0.95,-2.17703902038506,-1.91236920422437,-30.3415951057108,153,3.24332100507919e-202
"DBH05",0.269149414729682,0.0907057318268276,2.96728122147267,0.00348777617336306,1.79516962168998,1.49225454422129,2.28448733420801,1.33983940145451,0.557050424604776,0.437734972317839,0.670126959152154,0.269149414729682,0.0907057318268276,0.95,0.0776251949191884,0.457914705985951,2.96728122147267,153,0.00300446017219088
"slope",0.113774568336661,0.0704060728186907,1.61597663073258,0.108159505689354,1.08157407321229,1.00999848667545,1.66553365888719,1.03998753512352,0.924578375875805,0.600408160269868,0.990100493409295,0.113774568336661,0.0704060728186907,0.95,-0.0246148655599625,0.2585146769432,1.61597663073258,153,0.106099365888318
"TPI",-0.268001540649271,0.0926058711330791,-2.89400161534186,0.00435972515781258,1.87116924226738,1.54808346777173,2.38470852214942,1.36790688362453,0.53442520185307,0.419338460324142,0.645960002040055,-0.268001540649271,0.0926058711330791,0.95,-0.447617213777016,-0.0908079211727685,-2.89400161534186,153,0.00380366205219438
"two_DB",-0.223915656366196,0.0892105759577287,-2.50996761272224,0.0131143877497447,1.73647571367452,1.44924230361144,2.20735841765589,1.3177540414184,0.575879059018868,0.453030188482916,0.690015739609622,-0.223915656366196,0.0892105759577287,0.95,-0.411436486308646,-0.0406774029963386,-2.50996761272224,153,0.0120742235055144
"two_EB",-0.0278232214789023,0.0928905314635994,-0.299526992046604,0.764944492171576,1.88269046222429,1.55655808564358,2.39993016398416,1.37211167993873,0.531154759672261,0.41667879132778,0.642443098798036,-0.0278232214789023,0.0928905314635994,0.95,-0.212290318291021,0.151655346116288,-0.299526992046604,153,0.764537980149048
"(Intercept)",-2.04514537117203,0.0675514062505161,-30.2753929886752,1.71955012588056e-66,NA,NA,NA,NA,NA,NA,NA,-2.04514537117203,0.0675514062505161,0.95,-2.17468283455345,-1.90975520029084,-30.2753929886752,153,2.41736651438421e-201
"DBH05",0.277688909328354,0.0926272751030739,2.99791728753055,0.00317324348400185,1.86839609243815,1.54604403790585,2.38104570513024,1.36689286062886,0.535218417576038,0.419983538260262,0.646812105918096,0.277688909328354,0.0926272751030739,0.95,0.0779474517777468,0.473900299879739,2.99791728753055,153,0.00271831437402394
"slope",0.112922160388824,0.0708539677323878,1.59373093706376,0.113060066751342,1.09325009637068,1.01432736441517,1.60692114900988,1.0455860062045,0.914703783992113,0.622308070695416,0.985875009471489,0.112922160388824,0.0708539677323878,0.95,-0.02706600893474,0.259273695815437,1.59373093706376,153,0.11099631189324
"TPI",-0.277299692001148,0.0937217751178131,-2.95875415987979,0.00358028349912244,1.9128115488472,1.57872635569848,2.43975631229579,1.3830443047304,0.522790653686022,0.409877000813663,0.633421996402643,-0.277299692001148,0.0937217751178131,0.95,-0.464294402458463,-0.0936831625313943,-2.95875415987979,153,0.00308885409550252
"two_DB",-0.208082858127978,0.0914178098870587,-2.27617417640011,0.0242228878849906,1.81992210115212,1.51042249592324,2.31708977822718,1.34904488478038,0.549474067800453,0.431575854072045,0.662066410358087,-0.208082858127978,0.0914178098870587,0.95,-0.403187809909625,-0.0169093323214515,-2.27617417640011,153,0.022835586863322
"two_EB",-0.00736319673321559,0.0936867235967887,-0.0785938119141139,0.937458405030027,1.91138105061972,1.57767316612827,2.43786394821787,1.38252705240068,0.523181915859097,0.410195163159545,0.633844842816258,-0.00736319673321559,0.0936867235967887,0.95,-0.200057907984724,0.181568086451472,-0.0785938119141139,153,0.937355709691774
"(Intercept)",-2.04715758258391,0.0674752171752599,-30.339399683096,1.30314380760832e-66,NA,NA,NA,NA,NA,NA,NA,-2.04715758258391,0.0674752171752599,0.95,-2.17655209414173,-1.91192355941537,-30.339399683096,153,3.4669672611148e-202
"DBH05",0.248098282678769,0.0936081505338863,2.65039188643041,0.00888515017614573,1.91248796118624,1.57848811437839,2.43932823962081,1.38292731594478,0.522879108415272,0.409948929282043,0.633517598828293,0.248098282678769,0.0936081505338863,0.95,0.0423778836853613,0.449492210644366,2.65039188643041,153,0.00803984543879606
"slope",0.1195471150309,0.0703900811035111,1.69835171599109,0.0914741277756507,1.0814197870755,1.00994550685384,1.66655041566428,1.03991335556165,0.924710285451977,0.600041853280149,0.990152432199216,0.1195471150309,0.0703900811035111,0.95,-0.020704956225441,0.266107717644333,1.69835171599109,153,0.089441399340724
"TPI",-0.254636964787613,0.0942716457179031,-2.70109811755683,0.00769056357304218,1.93969549865661,1.59852608566902,2.47533691736837,1.39272951381688,0.515544837162626,0.403985410221708,0.62557627865139,-0.254636964787613,0.0942716457179031,0.95,-0.442427713294823,-0.0698760962357243,-2.70109811755683,153,0.00691109468297692
"two_DB",-0.232598055891255,0.0918886740304505,-2.53130277855762,0.0123735158757054,1.84287275630175,1.52728137125274,2.34735365603344,1.35752449565441,0.542631061520919,0.426011648236167,0.654758198994961,-0.232598055891255,0.0918886740304505,0.95,-0.432335559785069,-0.0388157485535511,-2.53130277855762,153,0.011363970498739
"two_EB",-0.0455480291946833,0.0941991245189252,-0.483529219908328,0.629411294380787,1.93671231245524,1.5963283908041,2.47138719174867,1.39165811622512,0.516338949036918,0.404631052284621,0.626437521101959,-0.0455480291946833,0.0941991245189252,0.95,-0.237915511940411,0.141936480125212,-0.483529219908328,153,0.628720017662985
"(Intercept)",-2.05107118449184,0.06684817395845,-30.6825312201751,2.96836225391757e-67,NA,NA,NA,NA,NA,NA,NA,-2.05107118449184,0.06684817395845,0.95,-2.17928892394395,-1.91712196873649,-30.6825312201751,153,9.73481816362314e-207
"DBH05",0.211630934000746,0.0986554554262654,2.14515186297952,0.0335189063663423,2.16432799638976,1.76435921894876,2.77358975932999,1.47116552311076,0.462037178130147,0.360543586749313,0.566778006009355,0.211630934000746,0.0986554554262654,0.95,0.000807025237937652,0.418857842276969,2.14515186297952,153,0.0319407069148754
"slope",0.126694937120222,0.0697724435501292,1.81583058688773,0.0713542137006797,1.08255191266007,1.01033696158076,1.65926706127281,1.04045754966748,0.923743229590516,0.60267573758314,0.989768797961639,0.126694937120222,0.0697724435501292,0.95,-0.0123585455877034,0.271996755465673,1.81583058688773,153,0.0693963637630753
"TPI",-0.254915059094561,0.0938772511180672,-2.71540821720441,0.00738080074127084,1.95975415640023,1.61330695446149,2.50190379226387,1.39991219596096,0.510268084766738,0.39969562502447,0.619844845541989,-0.254915059094561,0.0938772511180672,0.95,-0.442093917228828,-0.0708915703328925,-2.71540821720441,153,0.00661941217103342
"two_DB",-0.275609848401128,0.0965635354361995,-2.85418141699281,0.00491324056566036,2.0735150013308,1.69724465160292,2.65284087218581,1.43997048627074,0.482272855203937,0.376954385196896,0.589190249652914,-0.275609848401128,0.0965635354361995,0.95,-0.482819164943759,-0.075669994068698,-2.85418141699281,153,0.00431478838329827
"two_EB",-0.0408537571440917,0.0940076271586671,-0.434579175954928,0.664480206692643,1.96520132078022,1.61732197746066,2.50912104809236,1.40185638379266,0.508853718662769,0.39854593733542,0.618306072591735,-0.0408537571440917,0.0940076271586671,0.95,-0.233084998672097,0.145875348266427,-0.434579175954928,153,0.663867912979363
"(Intercept)",-2.05050168381554,0.0668936744171154,-30.6531477255927,3.36768086197928e-67,NA,NA,NA,NA,NA,NA,NA,-2.05050168381554,0.0668936744171154,0.95,-2.17880482992855,-1.91645925608338,-30.6531477255927,153,2.39937492668183e-206
"DBH05",0.203870049154514,0.10213119661894,1.99615843056427,0.0476910827009823,2.31636342669509,1.87687953989477,2.97611255857147,1.52196038933183,0.431711185073737,0.336008796817818,0.532799244034631,0.203870049154514,0.10213119661894,0.95,-0.0146206165763176,0.419629992031595,1.99615843056427,153,0.0459166806129182
"slope",0.128054167636581,0.0697782455439052,1.8351588899725,0.0684239915230993,1.08125953381307,1.00989060161279,1.66761478159018,1.03983630144993,0.924847336581156,0.599658872684276,0.990206264325073,0.128054167636581,0.0697782455439052,0.95,-0.011441386346618,0.273645356828395,1.8351588899725,153,0.0664821503694994
"TPI",-0.256132569069549,0.0951702733709055,-2.69130853571606,0.00790920093262273,2.01137242615717,1.65137167071554,2.57033876414581,1.41822862266884,0.497172968563834,0.389053775303554,0.605557196925086,-0.256132569069549,0.0951702733709055,0.95,-0.446112922864504,-0.0694465742969902,-2.69130853571606,153,0.00711723385122692
"two_DB",-0.281023599627925,0.0994189177426218,-2.82666122312301,0.00533251587774133,2.19496662387758,1.78702011283271,2.81436942830063,1.48154197506435,0.455587793054193,0.355319379873956,0.559590791854514,-0.281023599627925,0.0994189177426218,0.95,-0.495896169650257,-0.0731613142147873,-2.82666122312301,153,0.00470360599532297
"two_EB",-0.0397648349878941,0.09609115027288,-0.413824112574048,0.679582427461455,2.05048521852008,1.6802387764146,2.62225270388965,1.43195154195946,0.48768944587747,0.381351499234485,0.595153506773521,-0.0397648349878941,0.09609115027288,0.95,-0.238224363459363,0.152968350011272,-0.413824112574048,153,0.679002923630047
"(Intercept)",-2.05392676539645,0.066168623326921,-31.04079640963,6.41536816199537e-68,NA,NA,NA,NA,NA,NA,NA,-2.05392676539645,0.066168623326921,0.95,-2.18086866065523,-1.92136933688333,-31.04079640963,153,1.51862432300309e-211
"DBH05",0.173694139851141,0.104728995373398,1.65851051308051,0.099263169777241,2.4893710788053,2.00509897636969,3.20697290767687,1.57777408991443,0.401707888596473,0.31182053256708,0.498728497587955,0.173694139851141,0.104728995373398,0.95,-0.0492990940960029,0.394957847183609,1.65851051308051,153,0.0972144673303747
"slope",0.133828720787835,0.0688555857879397,1.94361458487912,0.0537770888476493,1.07605413173998,1.00817750887106,1.7073341094365,1.03733029057286,0.929321277158238,0.58570844129041,0.991888820372297,0.133828720787835,0.0688555857879397,0.95,-0.00436554256045765,0.278138459486572,1.94361458487912,153,0.0519419457033371
"TPI",-0.257519233674143,0.0955570530825477,-2.69492649016377,0.0078277521215724,2.07243663328206,1.69644821502023,2.65140825635107,1.43959599654975,0.48252380021691,0.377158062174937,0.589466858549571,-0.257519233674143,0.0955570530825477,0.95,-0.450342364098279,-0.067990053798631,-2.69492649016377,153,0.00704041614496759
"two_DB",-0.31487867901016,0.101212529245473,-3.11106422650974,0.0022244476470059,2.32500729648309,1.88328171913822,2.98763802951379,1.52479746080688,0.430106177091419,0.334712568966309,0.530988003461105,-0.31487867901016,0.101212529245473,0.95,-0.531558631740619,-0.104497113571991,-3.11106422650974,153,0.0018641438937479
"two_EB",-0.0341776994988099,0.0968073798182104,-0.353048492408228,0.724538020475832,2.12702549756074,1.73678109646017,2.72396723837595,1.45843254816969,0.470140109343679,0.367111610562617,0.575777800690114,-0.0341776994988099,0.0968073798182104,0.95,-0.237710907998948,0.164364824358994,-0.353048492408228,153,0.724052086586039
"(Intercept)",-2.05737035692339,0.0657701487608439,-31.2812179337542,2.31145966785111e-68,NA,NA,NA,NA,NA,NA,NA,-2.05737035692339,0.0657701487608439,0.95,-2.18356386587202,-1.9256287501226,-31.2812179337542,153,8.40367172867069e-215
"DBH05",0.154684610273025,0.105380734416375,1.4678642270782,0.144193868790349,2.55108398364463,2.05087037367421,3.28939894452173,1.59721131464958,0.391990230980691,0.304006907300019,0.487597857395767,0.154684610273025,0.105380734416375,0.95,-0.0680171787943811,0.375011627387869,1.4678642270782,153,0.142141106989785
"slope",0.13701857778914,0.0684674203004666,2.00122302239283,0.0471366378966511,1.07688727253311,1.00844231736894,1.7002405168195,1.03773179219541,0.928602301750444,0.588152082077549,0.99162835868395,0.13701857778914,0.0684674203004666,0.95,0.000178901530141291,0.279852626350243,2.00122302239283,153,0.04536836099312
"TPI",-0.256150748474737,0.0947612684850045,-2.70311650075971,0.00764617156996613,2.06283288192828,1.6893558842116,2.63865103755497,1.43625655157018,0.484770244240643,0.37898152721499,0.591941585160243,-0.256150748474737,0.0947612684850045,0.95,-0.447848899547695,-0.0674396869039087,-2.70311650075971,153,0.00686926652129316
"two_DB",-0.338396771560618,0.101621749635605,-3.32996403598678,0.0010885594023972,2.3723330006602,1.9183420352705,3.05075864151889,1.54023796884124,0.421525982955053,0.327787320304738,0.521283473757062,-0.338396771560618,0.101621749635605,0.95,-0.553841070220396,-0.130361957585446,-3.32996403598678,153,0.000868572019404656
"two_EB",-0.0361838983335732,0.096399044079967,-0.375355364556905,0.707916049689162,2.13475367066294,1.7424935254837,2.73424528145775,1.46107962502491,0.468438121804213,0.365731635995311,0.573890224196048,-0.0361838983335732,0.096399044079967,0.95,-0.24189945950147,0.16332239216475,-0.375355364556905,153,0.707396196027752
"(Intercept)",-2.05578958202944,0.0658551451788167,-31.2168407866591,3.03635592636314e-68,NA,NA,NA,NA,NA,NA,NA,-2.05578958202944,0.0658551451788167,0.95,-2.1821427411321,-1.92387397499905,-31.2168407866591,153,6.29567520993248e-214
"DBH05",0.149171181260551,0.108326353596272,1.37705347136955,0.170507142594657,2.68873987889993,2.15301908778393,3.47336961616839,1.63973774698881,0.371921437193522,0.287904861994832,0.464464066145035,0.149171181260551,0.108326353596272,0.95,-0.0810849605874955,0.377200347457349,1.37705347136955,153,0.16849571657057
"slope",0.135155001379048,0.0686439406583742,1.96892835817344,0.050767857432169,1.07965488482056,1.00934783452701,1.67875620363657,1.03906442765623,0.926221901145936,0.595679109232044,0.990738738215659,0.135155001379048,0.0686439406583742,0.95,-0.00209987235474697,0.278438570210117,1.96892835817344,153,0.048961318545173
"TPI",-0.246450258057675,0.0978861848672319,-2.51772258150574,0.0128406305644733,2.19544895418365,1.78737691755911,2.81501155315682,1.48170474595435,0.455487702455754,0.355238328907949,0.559479083665032,-0.246450258057675,0.0978861848672319,0.95,-0.441782941994858,-0.054187446982673,-2.51772258150574,153,0.0118116312576144
"two_DB",-0.339280845644898,0.103578220573429,-3.27560025424819,0.00130431616970922,2.45820122729439,1.98198712348772,3.1653550931816,1.56786518147907,0.406801521737358,0.315920321910825,0.504544145695706,-0.339280845644898,0.103578220573429,0.95,-0.561164044133098,-0.123738621801248,-3.27560025424819,153,0.00105437684303434
"two_EB",-0.0470191994979273,0.0999631974237204,-0.470365101454528,0.638764005452559,2.28960633308654,1.85706463605869,2.94044232414581,1.51314451824224,0.436756304151174,0.340084888517749,0.538484218902758,-0.0470191994979273,0.0999631974237204,0.95,-0.255065581304465,0.154839770263025,-0.470365101454528,153,0.638094192978325
"(Intercept)",-2.05598809372521,0.0657729193155207,-31.2588845853471,2.54076076968955e-68,NA,NA,NA,NA,NA,NA,NA,-2.05598809372521,0.0657729193155207,0.95,-2.18218680685651,-1.92424081534709,-31.2588845853471,153,1.69073159700678e-214
"DBH05",0.154649617414251,0.108687450300669,1.42288384709029,0.156805585702597,2.7134668951024,2.17137458243838,3.50643034655934,1.64726042115459,0.368532227831828,0.285190322112413,0.460537766301488,0.154649617414251,0.108687450300669,0.95,-0.0769516358063814,0.382887198344279,1.42288384709029,153,0.154769829528104
"slope",0.13559994840673,0.0686384304330821,1.97556889851861,0.0500024526238423,1.08218226828721,1.01020846496157,1.66160047041936,1.04027989901142,0.924058755446728,0.60182939148279,0.98989469469358,0.13559994840673,0.0686384304330821,0.95,-0.0014513870277908,0.278632998480696,1.97556889851861,153,0.0482036240624282
"TPI",-0.262241896869941,0.100063538875572,-2.62075377122166,0.00965855698270873,2.2999449563368,1.86472032508727,2.95422362639036,1.51655694134338,0.434793014174014,0.338498409892502,0.536273448916905,-0.262241896869941,0.100063538875572,0.95,-0.463704021437387,-0.0652620452581879,-2.62075377122166,153,0.00877356044948483
"two_DB",-0.334306078258108,0.10388008768247,-3.21819210703769,0.00157497836915674,2.47873638071234,1.99721305293281,3.1927724243192,1.57440032415912,0.403431364376319,0.31320741571903,0.500697709005831,-0.334306078258108,0.10388008768247,0.95,-0.554356642425173,-0.121859106899736,-3.21819210703769,153,0.00129001385648346
"two_EB",-0.0288956426996718,0.10219672852914,-0.282745280749692,0.777754263432902,2.39905228529305,1.93814212703002,3.08640806183633,1.54888743467466,0.416831265466916,0.324001227305319,0.515958033238968,-0.0288956426996718,0.10219672852914,0.95,-0.245192247283136,0.184473145080962,-0.282745280749692,153,0.777372102887288
"(Intercept)",-2.05671966296487,0.0659785849252255,-31.172533713716,3.66429125042896e-68,NA,NA,NA,NA,NA,NA,NA,-2.05671966296487,0.0659785849252255,0.95,-2.18330466545521,-1.92455133890031,-31.172533713716,153,2.51140046010375e-213
"DBH05",0.148062909218577,0.108976976523969,1.35866229676514,0.17625333232019,2.71096230092262,2.16951527507298,3.50308145397738,1.6465000154639,0.368872706071815,0.285462959722106,0.46093245412451,0.148062909218577,0.108976976523969,0.95,-0.0840579486462266,0.376443398611122,1.35866229676514,153,0.174253624693259
"slope",0.133311845038634,0.0687351429737472,1.9395005127079,0.054280092481026,1.07847889272897,1.00895826990685,1.68751407001657,1.03849838359478,0.927231869572909,0.59258765172262,0.991121268169321,0.133311845038634,0.0687351429737472,0.95,-0.00352199461468953,0.276109759258896,1.9395005127079,153,0.0524404221579693
"TPI",-0.254941979290745,0.101861031424082,-2.50284113292878,0.0133705417409113,2.36848210591919,1.91548868854169,3.0456214234653,1.53898736379451,0.422211338435216,0.328340217301927,0.522059987084198,-0.254941979290745,0.101861031424082,0.95,-0.459306097107584,-0.0557636838373447,-2.50284113292878,153,0.0123200832081038
"two_DB",-0.339063302540507,0.103926717980298,-3.2625229501117,0.00136185635692261,2.46551922842389,1.98741288180702,3.1751251664346,1.5701971941205,0.40559407871228,0.314948213875586,0.503166709421129,-0.339063302540507,0.103926717980298,0.95,-0.559517231152649,-0.127330242913523,-3.2625229501117,153,0.00110425231254712
"two_EB",-0.0410124646705192,0.104064456445922,-0.394106365143336,0.694051258065872,2.4720588725713,1.99226175612299,3.18385653880556,1.57227824273291,0.404521110356832,0.314084503435307,0.501942075094607,-0.0410124646705192,0.104064456445922,0.95,-0.258876246363096,0.17542682853761,-0.394106365143336,153,0.693502511834468
"(Intercept)",-2.05791706024244,0.066052969202657,-31.155557200291,3.93814991355367e-68,NA,NA,NA,NA,NA,NA,NA,-2.05791706024244,0.066052969202657,0.95,-2.18464176171614,-1.92559643987003,-31.155557200291,153,4.26499503397896e-213
"DBH05",0.136954146270477,0.109966755349945,1.24541408750899,0.214883517442732,2.75421662412045,2.20162804012661,3.56092223348609,1.65958326820936,0.3630796471281,0.280826127174649,0.45420933135576,0.136954146270477,0.109966755349945,0.95,-0.0968183634850583,0.366314146130234,1.24541408750899,153,0.212979577592114
"slope",0.133907928649188,0.068820674873202,1.94575146052992,0.0535173798381789,1.0787309204225,1.00904116592519,1.68559275229162,1.03861971886851,0.927015237134704,0.59326311093855,0.991039844328951,0.133907928649188,0.068820674873202,0.95,-0.00305173454414186,0.27683270174655,1.94575146052992,153,0.0516846018317787
"TPI",-0.249532800292994,0.101529948872416,-2.45772605092671,0.0150982899829701,2.3478135684121,1.90017564535734,3.01805217077898,1.53225767037143,0.425928196963413,0.331339534048509,0.526267138747558,-0.249532800292994,0.101529948872416,0.95,-0.452511091292097,-0.0517413351848832,-2.45772605092671,153,0.0139819785530915
"two_DB",-0.347999708200916,0.1045535606143,-3.32843478649849,0.00109414329634358,2.4897338740977,2.00536800802632,3.20745736677155,1.57788905633371,0.401649353131129,0.311773434733615,0.498661590290452,-0.347999708200916,0.1045535606143,0.95,-0.569525107730686,-0.136213453436431,-3.32843478649849,153,0.000873354491719692
"two_EB",-0.055977356198352,0.104327756039379,-0.53655286304848,0.592355818084862,2.47899131859404,1.99740209050133,3.19311282912699,1.57448128556488,0.403389875752832,0.313174025946777,0.500650322113665,-0.055977356198352,0.104327756039379,0.95,-0.273638431113486,0.159572549118695,-0.53655286304848,153,0.591576511427967
"(Intercept)",-2.05841461046344,0.0659924386931866,-31.1916736405737,3.37841986703001e-68,NA,NA,NA,NA,NA,NA,NA,-2.05841461046344,0.0659924386931866,0.95,-2.18502563173906,-1.92621792236797,-31.1916736405737,153,1.38182461544502e-213
"DBH05",0.128005637656593,0.111068975797913,1.15248778281251,0.250918184762514,2.81486221646832,2.24666097521018,3.64203735438899,1.67775511218661,0.355257175342194,0.274571593505187,0.445104985146435,0.128005637656593,0.111068975797913,0.95,-0.108555509720367,0.360051821841202,1.15248778281251,153,0.24912068724808
"slope",0.135067285145088,0.0688575037506409,1.96154780217154,0.0516301637747534,1.08186770363036,1.01009963706332,1.6636199752215,1.04012869570566,0.924327435456623,0.601098817575123,0.990001345716066,0.135067285145088,0.0688575037506409,0.95,-0.00190590601778204,0.277954154406481,1.96154780217154,153,0.0498151544628294
"TPI",-0.240686686153423,0.10227086108235,-2.35342387466179,0.0198730442563675,2.38657689876391,1.92889686663779,3.06976206426953,1.54485497661234,0.419010173323112,0.32575814641776,0.51843103552917,-0.240686686153423,0.10227086108235,0.95,-0.44476652703766,-0.0417468062646659,-2.35342387466179,153,0.0186014162302493
"two_DB",-0.351388890045391,0.104592752637006,-3.35959118759309,0.000985494825273911,2.49617364137046,2.01014352829461,3.21605692897025,1.57992836589842,0.400613155842387,0.310939769440024,0.497476914421325,-0.351388890045391,0.104592752637006,0.95,-0.572389637553477,-0.140204346148153,-3.35959118759309,153,0.000780578861024252
"two_EB",-0.0673135626870933,0.105562049973858,-0.637668202765701,0.524642831185566,2.54265383687905,2.04461695524799,3.2781373100274,1.59457011036801,0.393289871195144,0.305051285356818,0.489089165299772,-0.0673135626870933,0.105562049973858,0.95,-0.285452751537332,0.149391007483796,-0.637668202765701,153,0.523689688320613
"(Intercept)",-2.05978492115158,0.0658355182224586,-31.2868338666608,2.25714977877703e-68,NA,NA,NA,NA,NA,NA,NA,-2.05978492115158,0.0658355182224586,0.95,-2.1861012152372,-1.92790949417598,-31.2868338666608,153,7.04839957905827e-215
"DBH05",0.121036683628648,0.111984503201104,1.08083422410053,0.281471578291148,2.87511553369685,2.29141170493837,3.72264704684476,1.69561656446758,0.347812109906482,0.26862605759189,0.436412189849966,0.121036683628648,0.111984503201104,0.95,-0.115652051554686,0.35370543746033,1.08083422410053,153,0.279770861688213
"slope",0.136099324565647,0.0686675992223824,1.98200208113997,0.0492702876655469,1.08104350831704,1.00981678780083,1.66906307578291,1.03973242149942,0.925032149313577,0.599138531376909,0.990278644681465,0.136099324565647,0.0686675992223824,0.95,-0.000556626162224536,0.278680103439166,1.98200208113997,153,0.0474790077236795
"TPI",-0.240584168847249,0.102204793394502,-2.35394212792559,0.0198463536696394,2.39487017262344,1.93504275356229,3.08082763174415,1.54753680816433,0.417559169357627,0.324588104084833,0.516784447350874,-0.240584168847249,0.102204793394502,0.95,-0.444459536027357,-0.0416972556061973,-2.35394212792559,153,0.0185755028120461
"two_DB",-0.36022149524319,0.104516927452049,-3.44653736026115,0.000733267850660105,2.50445200751653,2.01628275903722,3.22711230983072,1.58254605225773,0.399288945046154,0.309874557806281,0.495962183636139,-0.36022149524319,0.104516927452049,0.95,-0.581290022000984,-0.149614193563906,-3.44653736026115,153,0.000567820047391513
"two_EB",-0.0728376551782413,0.106236711188057,-0.685616623139872,0.493992428460106,2.58754958529275,2.07792344393963,3.33811937195823,1.608586206982,0.386466023949397,0.299569874103505,0.481249683628409,-0.0728376551782413,0.106236711188057,0.95,-0.292064031307735,0.145822857067614,-0.685616623139872,153,0.492954896232546
"(Intercept)",-2.06055122081555,0.0657054339265201,-31.3604385159363,1.65329267864255e-68,NA,NA,NA,NA,NA,NA,NA,-2.06055122081555,0.0657054339265201,0.95,-2.18662316898732,-1.92894208814913,-31.3604385159363,153,7.01096513163014e-216
"DBH05",0.106172170735772,0.112558694571455,0.943260501909709,0.347034757680963,2.91618775683642,2.32192120919901,3.77760542299994,1.70768491146242,0.342913448441616,0.264717959666063,0.430677835250477,0.106172170735772,0.112558694571455,0.95,-0.133762431632739,0.341702934711459,0.943260501909709,153,0.345547673649712
"slope",0.137866753598643,0.0686076031346698,2.00949672193072,0.0462426567014817,1.08343255558251,1.01064574158584,1.65387566238549,1.04088066346845,0.922992386417948,0.604640374571833,0.989466396435669,0.137866753598643,0.0686076031346698,0.95,0.00124790936713376,0.28033267533359,2.00949672193072,153,0.0444844819809436
"TPI",-0.235451856199732,0.10170163855887,-2.31512352737011,0.0219352372331735,2.38074722754877,1.92457690270739,3.06198413652886,1.54296702088825,0.420036192178875,0.326585624030576,0.519594721620766,-0.235451856199732,0.10170163855887,0.95,-0.438206348328997,-0.0375608893307271,-2.31512352737011,153,0.020606172792549
"two_DB",-0.370186257548695,0.10513996131622,-3.52089018213843,0.000566974408525231,2.54444467863303,2.04594536435831,3.28052960187007,1.59513155527468,0.39301306426408,0.304828829902937,0.488771605254298,-0.370186257548695,0.10513996131622,0.95,-0.593843677030263,-0.157407614347613,-3.52089018213843,153,0.000430100701455604
"two_EB",-0.0829328352820633,0.105855258747071,-0.783455033445449,0.434571045101825,2.57918362715289,2.07171646948087,3.32694093940326,1.60598369454764,0.387719582844855,0.300576420866481,0.482691533678148,-0.0829328352820633,0.105855258747071,0.95,-0.300392109081361,0.13376607354367,-0.783455033445449,153,0.433359949598944
"(Intercept)",-2.06108555225392,0.065676491276406,-31.3823944031912,1.50682259162316e-68,NA,NA,NA,NA,NA,NA,NA,-2.06108555225392,0.065676491276406,0.95,-2.18710313270112,-1.92953566462798,-31.3823944031912,153,3.51834121889043e-216
"DBH05",0.0974519490765365,0.113626647399351,0.857650483464786,0.392426958174144,2.97440746660008,2.36517440026466,3.85552149484373,1.72464705566098,0.336201415316866,0.259368285545126,0.422801802644279,0.0974519490765365,0.113626647399351,0.95,-0.144873423830098,0.335105124093685,0.857650483464786,153,0.391085489919131
"slope",0.137494375748674,0.0685625689644179,2.00538541401547,0.0466850691707674,1.08296454980062,1.01048118181368,1.65671187142601,1.04065582677494,0.923391259837731,0.603605260062061,0.989627533889477,0.137494375748674,0.0685625689644179,0.95,0.000941124243116234,0.279908454591654,2.00538541401547,153,0.0449218598213757
"TPI",-0.230366179333707,0.101294922965609,-2.27421249347234,0.0243434380084953,2.36382561228666,1.9120385399334,3.03940976097884,1.53747377612974,0.42304305140033,0.329011248446458,0.523002010218283,-0.230366179333707,0.101294922965609,0.95,-0.43158786379661,-0.0336825111642476,-2.27421249347234,153,0.0229532134376107
"two_DB",-0.376286812339809,0.10548488361678,-3.5672107645948,0.000482054539084148,2.56342451349203,2.06002498742875,3.30588546343309,1.60106980281686,0.390103158777142,0.302490818590406,0.485431005013277,-0.376286812339809,0.10548488361678,0.95,-0.602106177819658,-0.16208963870078,-3.5672107645948,153,0.000360801276058085
"two_EB",-0.088708698735276,0.105822909917891,-0.838274989830709,0.403183960820459,2.57987982413306,2.07223299058331,3.32787116291288,1.6062004308719,0.387614954249289,0.300492402213282,0.482571218846638,-0.088708698735276,0.105822909917891,0.95,-0.305027939925263,0.126538471344335,-0.838274989830709,153,0.401876278963103
"(Intercept)",-2.06110707634638,0.065591138595242,-31.4235599577759,1.26643142594627e-68,NA,NA,NA,NA,NA,NA,NA,-2.06110707634638,0.065591138595242,0.95,-2.18696431918457,-1.92973189740276,-31.4235599577759,153,9.64602120580055e-217
"DBH05",0.0902199546827049,0.115365466981654,0.782036055009875,0.43540196659508,3.07412327872859,2.4392713495407,3.98900369046928,1.7533177917105,0.32529599802308,0.25068916391059,0.409958490345199,0.0902199546827049,0.115365466981654,0.95,-0.156638159600725,0.332235485399955,0.782036055009875,153,0.434193384671235
"slope",0.136608132487913,0.0684490113639994,1.9957648732347,0.0477343981407352,1.08219116127466,1.01021154859681,1.66154383222388,1.04028417332701,0.92405116192425,0.601849906458115,0.989891673074815,0.136608132487913,0.0684490113639994,0.95,0.000247413555357622,0.278782254483281,1.9957648732347,153,0.0459595219714721
"TPI",-0.231630341283544,0.101225135035526,-2.28826902727521,0.023491110986212,2.3667171207924,1.91418093876641,3.04326693880495,1.53841383274865,0.422526203581605,0.328594244313214,0.522416653383065,-0.231630341283544,0.101225135035526,0.95,-0.432204365803293,-0.0354980000071245,-2.28826902727521,153,0.0221218590523434
"two_DB",-0.381813845217756,0.106204491973654,-3.59508188516615,0.000436889971438707,2.60528593310223,2.09108345954519,3.36182017468223,1.6140898156863,0.383835028353013,0.297457909120473,0.478220988949672,-0.381813845217756,0.106204491973654,0.95,-0.610225408435824,-0.164925094042944,-3.59508188516615,153,0.000324289561639058
"two_EB",-0.0885539284749691,0.106555693463214,-0.831057690085237,0.407236080400581,2.62254496106068,2.10389038910821,3.38488547109303,1.61942735590723,0.381309001312814,0.295430970571977,0.475309933054011,-0.0885539284749691,0.106555693463214,0.95,-0.304279308326311,0.127527055605191,-0.831057690085237,153,0.405941039878841
"(Intercept)",-2.0601162765821,0.0657755653368055,-31.3203887497312,1.95835629367501e-68,NA,NA,NA,NA,NA,NA,NA,-2.0601162765821,0.0657755653368055,0.95,-2.18631995966258,-1.92836358143338,-31.3203887497312,153,2.46290567875538e-215
"DBH05",0.0947040546269835,0.116805323945036,0.810785428509643,0.418748300623726,3.13369020445214,2.48354257489172,4.06875850118917,1.77022320752275,0.31911259082958,0.245775216127409,0.40265063708183,0.0947040546269835,0.116805323945036,0.95,-0.154113800908265,0.338873601467985,0.810785428509643,153,0.417488903904778
"slope",0.133402568843499,0.0686043723633811,1.94451992267923,0.053666927564072,1.08102160713867,1.00980931721793,1.66921077965916,1.03972188932362,0.925050890191616,0.599085515254216,0.990285970776193,0.133402568843499,0.0686043723633811,0.95,-0.00310036127318928,0.275742990137333,1.94451992267923,153,0.0518327853281896
"TPI",-0.236366955978324,0.10082939862066,-2.34422657688938,0.0203520069025804,2.33509813763238,1.89075620041462,3.00109416727017,1.52810279027046,0.428247525825158,0.333211803516852,0.528888917450442,-0.236366955978324,0.10082939862066,0.95,-0.435568945488578,-0.041417939396625,-2.34422657688938,153,0.0190665846795919
"two_DB",-0.376481494243352,0.107044190973149,-3.51706609037561,0.000574580525668701,2.6318249026657,2.11077692583083,3.39728828627599,1.62229001805032,0.379964487374191,0.294352411610076,0.473759205798778,-0.376481494243352,0.107044190973149,0.95,-0.606867160502828,-0.158003823816011,-3.51706609037561,153,0.000436345121624819
"two_EB",-0.083060125556883,0.106688713731154,-0.778527762235346,0.437460311976277,2.61437415761705,2.09782717683903,3.37396557105263,1.61690264320925,0.382500720903499,0.296387138203077,0.476683690172601,-0.083060125556883,0.106688713731154,0.95,-0.298511298898747,0.132638268653841,-0.778527762235346,153,0.43625794657016
"(Intercept)",-2.05960736527046,0.0658527330595961,-31.2759587883244,2.36351014359225e-68,NA,NA,NA,NA,NA,NA,NA,-2.05960736527046,0.0658527330595961,0.95,-2.18595599355747,-1.92769669622675,-31.2759587883244,153,9.90792718800334e-215
"DBH05",0.101672138537227,0.117243297068347,0.867189349664547,0.387196281892914,3.14983932364619,2.49554586253665,4.09038273801668,1.77477866891796,0.3174765114185,0.244475899701472,0.400713933978168,0.101672138537227,0.117243297068347,0.95,-0.146262816354957,0.345412852916031,0.867189349664547,153,0.38583827076638
"slope",0.131487126465359,0.0687501619219857,1.91253551685543,0.057676001712799,1.08307817704696,1.01052103907247,1.65601728630634,1.04071041939963,0.923294385569213,0.603858430868464,0.989588500718273,0.131487126465359,0.0687501619219857,0.95,-0.0052841026084654,0.274068071973605,1.91253551685543,153,0.0558075415869627
"TPI",-0.23837971873816,0.10037177334112,-2.37496769064756,0.0187898275886481,2.30853013988088,1.87107813624409,2.96566881400507,1.51938478993337,0.433176064165053,0.337192067865974,0.534451223938381,-0.23837971873816,0.10037177334112,0.95,-0.436763105985208,-0.0440680758943874,-2.37496769064756,153,0.0175504863598584
"two_DB",-0.368061970333273,0.106294562978474,-3.46266036587224,0.000693728850717277,2.58901434056701,2.07901021976114,3.34007660751032,1.60904143531701,0.386247377749554,0.299394330582554,0.480998116553217,-0.368061970333273,0.106294562978474,0.95,-0.596009200327256,-0.152146865247823,-3.46266036587224,153,0.000534863074010272
"two_EB",-0.0817734926892191,0.10720518767306,-0.762775519209025,0.446771708691124,2.63356448846922,2.11206788490668,3.39961334573713,1.62282608078291,0.379713504027865,0.294151098463574,0.47346962999922,-0.0817734926892191,0.10720518767306,0.95,-0.297550919571894,0.13444610772026,-0.762775519209025,153,0.445597283363551
"(Intercept)",-2.05942115833601,0.065759291973161,-31.3175689175081,1.98185675170902e-68,NA,NA,NA,NA,NA,NA,NA,-2.05942115833601,0.065759291973161,0.95,-2.18559427402748,-1.92770177617295,-31.3175689175081,153,2.69055082978508e-215
"DBH05",0.104408050717444,0.117725307069672,0.886878559217973,0.376536225393766,3.18482350189348,2.52155018400828,4.13723055906786,1.78460738032024,0.313989142382762,0.241707583303093,0.39658143880777,0.104408050717444,0.117725307069672,0.95,-0.144739684058633,0.349637489775199,0.886878559217973,153,0.375144286260196
"slope",0.129528122569185,0.0686275280521701,1.88740766636268,0.0609993623013063,1.08228693928042,1.01024478382994,1.6609354075728,1.04033020684801,0.923969387143185,0.602070372779486,0.989859107422357,0.129528122569185,0.0686275280521701,0.95,-0.00667968019434371,0.27153738263352,1.88740766636268,153,0.0591055147759733
"TPI",-0.246279877037122,0.100359201950955,-2.45398401192427,0.0152501471236349,2.31451555535854,1.87551095428219,2.97364880111212,1.52135319875384,0.432055856217865,0.336287190210898,0.533188034821546,-0.246279877037122,0.100359201950955,0.95,-0.445209158128514,-0.0516258766608687,-2.45398401192427,153,0.014128326289319
"two_DB",-0.367809326166946,0.106195179956625,-3.4635218502118,0.000691673560566731,2.59152448215335,2.08087263870398,3.34343074900168,1.60982125782751,0.385873259884884,0.299093977136686,0.480567614471025,-0.367809326166946,0.106195179956625,0.95,-0.596438667905991,-0.151415762305366,-3.4635218502118,153,0.000533153292050148
"two_EB",-0.0709844970408723,0.107521417337162,-0.660189372488289,0.510124980897228,2.65665810288947,2.12920677977023,3.4304813954693,1.62992579674336,0.376412756655577,0.291504277306596,0.469658470704246,-0.0709844970408723,0.107521417337162,0.95,-0.287686392931045,0.146752355265931,-0.660189372488289,153,0.509132311383725
"(Intercept)",-2.05945753241867,0.0658029739925507,-31.2973321335265,2.15904150669367e-68,NA,NA,NA,NA,NA,NA,NA,-2.05945753241867,0.0658029739925507,0.95,-2.18571269848079,-1.92764872862285,-31.2973321335265,153,5.07310538408116e-215
"DBH05",0.0974418666445482,0.117390783192463,0.830064030536291,0.40779588040106,3.16254649031422,2.50499110065957,4.10739865552746,1.77835499558278,0.316200885287427,0.243463097660186,0.399203015027358,0.0974418666445482,0.117390783192463,0.95,-0.151894494235737,0.342675748980211,0.830064030536291,153,0.406502582459547
"slope",0.126846553706808,0.0687235183046736,1.84575174315809,0.0668609179949525,1.08387622115421,1.01080270591071,1.6512461352979,1.04109376194184,0.922614575800091,0.605603234202025,0.989312745358177,0.126846553706808,0.0687235183046736,0.95,-0.00944936840279459,0.268975949491104,1.84575174315809,153,0.0649282603631879
"TPI",-0.237917192395147,0.100284583504103,-2.37242040682567,0.0189151261280552,2.3080077808451,1.8706912863552,2.96497240935216,1.51921288200341,0.433274102582896,0.337271266621499,0.534561745860468,-0.237917192395147,0.100284583504103,0.95,-0.436647415705897,-0.0433925245770262,-2.37242040682567,153,0.0176719701797612
"two_DB",-0.368368193841605,0.106078755585136,-3.4725915835802,0.000670379446048227,2.58241330740458,2.07411264278109,3.33125630936404,1.60698889461146,0.387234683593324,0.300187048708632,0.48213389156104,-0.368368193841605,0.106078755585136,0.95,-0.59728714941336,-0.151741891179819,-3.4725915835802,153,0.000515459109904827
"two_EB",-0.0849976073603532,0.107499101462396,-0.790682026212898,0.430353456894568,2.6520309411702,2.12577259683779,3.42429620178165,1.62850573875876,0.377069507175038,0.292030811902225,0.470417203367641,-0.0849976073603532,0.107499101462396,0.95,-0.301293246411802,0.132309362381533,-0.790682026212898,153,0.429129567179505
"(Intercept)",-2.05967241783433,0.0657526915321088,-31.3245339444171,1.92431798958628e-68,NA,NA,NA,NA,NA,NA,NA,-2.05967241783433,0.0657526915321088,0.95,-2.18583313549936,-1.92796654729052,-31.3245339444171,153,2.16273159892664e-215
"DBH05",0.0944748816731558,0.117389849982595,0.804795999715167,0.422186243033341,3.16733491215335,2.50855039773432,4.113810866706,1.77970079287316,0.315722848304709,0.243083610890628,0.398636599409438,0.0944748816731558,0.117389849982595,0.95,-0.155088339894279,0.339864163316338,0.804795999715167,153,0.420937410466979
"slope",0.125006240634035,0.0687211186188126,1.81903675531577,0.0708610850147218,1.08545877269265,1.0113701375786,1.64231428860447,1.04185352746566,0.921269443996798,0.608896851801571,0.988757689043675,0.125006240634035,0.0687211186188126,0.95,-0.0111228340864514,0.266973958723193,1.81903675531577,153,0.0689058227323086
"TPI",-0.236202601524883,0.100036693422429,-2.36115962497343,0.019477916590039,2.30012558699223,1.86485408729524,2.95446441981706,1.51661649305031,0.434758869539665,0.33847082174776,0.53623498310819,-0.236202601524883,0.100036693422429,0.95,-0.434536618397607,-0.0420470474674262,-2.36115962497343,153,0.018217887101517
"two_DB",-0.369441543407226,0.105939050560358,-3.48730275996515,0.000637144150500017,2.57955650460819,2.07199311376855,3.32743915908096,1.60609978040226,0.387663537593991,0.300531415359132,0.482627086622502,-0.369441543407226,0.105939050560358,0.95,-0.598354422784577,-0.153069317744224,-3.48730275996515,153,0.00048791867041657
"two_EB",-0.0878076589544504,0.107499399770313,-0.816819992874965,0.41530133123428,2.65610336049998,2.12879505785643,3.4297398554062,1.62975561373476,0.376491372614266,0.291567303107181,0.469749305509447,-0.0878076589544504,0.107499399770313,0.95,-0.303776742625207,0.129384682867614,-0.816819992874965,153,0.414031305047791
"(Intercept)",-2.06028906915451,0.0656352477781668,-31.3899793007234,1.45931528960877e-68,NA,NA,NA,NA,NA,NA,NA,-2.06028906915451,0.0656352477781668,0.95,-2.18622917367054,-1.92882360428979,-31.3899793007234,153,2.77232812995017e-216
"DBH05",0.0889435511168808,0.117426892710937,0.757437662391594,0.449952649191672,3.18068633024427,2.51847486153678,4.13169021850087,1.78344787707526,0.314397553286307,0.242031698195137,0.397065706421145,0.0889435511168808,0.117426892710937,0.95,-0.160439172098843,0.3341185675601,0.757437662391594,153,0.448787699500515
"slope",0.125685804923782,0.0687019722808966,1.82943517851132,0.0692811251890806,1.08873983741131,1.01258313332067,1.62581858930531,1.0434269679337,0.918493073953918,0.615074773149989,0.987573234328515,0.125685804923782,0.0687019722808966,0.95,-0.0102334762655207,0.267390504775067,1.82943517851132,153,0.0673344416825584
"TPI",-0.237369318706477,0.0994835817410769,-2.38601500420714,0.0182548654024036,2.28290863256652,1.85210541076617,2.931515207765,1.5109297245625,0.438037679535062,0.341120522708256,0.539926072342893,-0.237369318706477,0.0994835817410769,0.95,-0.434577388684063,-0.0442627618523398,-2.38601500420714,153,0.0170320561538625
"two_DB",-0.375032973821005,0.106229138623219,-3.5304152766521,0.000548438597347561,2.60299314482106,2.0893821926514,3.35875621951311,1.61337941750261,0.384173120851128,0.297729258881718,0.478610377515955,-0.375032973821005,0.106229138623219,0.95,-0.604060342319898,-0.15828419956636,-3.5304152766521,153,0.000414907874660822
"two_EB",-0.0870196154983759,0.106949499885387,-0.813651448502618,0.417109102289196,2.63841568805479,2.1156680488464,3.40609737783537,1.62432006946131,0.379015332772398,0.2935911364447,0.472663942032524,-0.0870196154983759,0.106949499885387,0.95,-0.302040882662967,0.12886518445689,-0.813651448502618,153,0.415844655405879
"(Intercept)",-2.06059212038321,0.065577245830087,-31.4223644848135,1.27283659880343e-68,NA,NA,NA,NA,NA,NA,NA,-2.06059212038321,0.065577245830087,0.95,-2.18642326460381,-1.92924537772706,-31.4223644848135,153,1.00156491989217e-216
"DBH05",0.081906574485819,0.117796442779513,0.695322987291971,0.487907620460785,3.20640198399077,2.53759071720821,4.16612845048751,1.79064289683643,0.311876054528688,0.240031005256927,0.394074581538575,0.081906574485819,0.117796442779513,0.95,-0.168925075349124,0.32847396047305,0.695322987291971,153,0.486852911490138
"slope",0.124512969898978,0.0686664994984751,1.81330009259818,0.0717454220080498,1.08954063888833,1.01288646420136,1.62216647540028,1.04381063363444,0.917817990727094,0.616459540475489,0.987277484045048,0.124512969898978,0.0686664994984751,0.95,-0.0111665650780563,0.265957942613426,1.81330009259818,153,0.06978554903472
"TPI",-0.235187188826626,0.0988809518967654,-2.37848831665949,0.0186178582747196,2.25932596865323,1.83464639925681,2.90008834488057,1.50310544162851,0.442609881829532,0.344817081784859,0.54506416081327,-0.235187188826626,0.0988809518967654,0.95,-0.431542407656172,-0.0430202278684334,-2.37848831665949,153,0.0173837878011586
"two_DB",-0.378046282823052,0.106251532863344,-3.55803133032706,0.00049786808316182,2.60869932247206,2.09361625589255,3.36638171404096,1.6151468423868,0.383332794004169,0.297054845512339,0.477642451039184,-0.378046282823052,0.106251532863344,0.95,-0.608007741162626,-0.160634800293319,-3.55803133032706,153,0.000373644754761537
"two_EB",-0.0920595923683189,0.106751669328886,-0.862371454676713,0.389832807167573,2.63331593388083,2.11188343013973,3.39928113645307,1.62274949819152,0.379749344593931,0.294179845637432,0.473510983479725,-0.0920595923683189,0.106751669328886,0.95,-0.306926589441049,0.123585682921887,-0.862371454676713,153,0.388483143477055
"(Intercept)",-2.06068442016654,0.0655739521067999,-31.4253503709874,1.25689921368634e-68,NA,NA,NA,NA,NA,NA,NA,-2.06068442016654,0.0655739521067999,0.95,-2.18650937680508,-1.92934441918668,-31.4253503709874,153,9.1177758661277e-217
"DBH05",0.0800674065066305,0.117671240841736,0.68043309421984,0.497258641839855,3.19991108261553,2.53276558526278,4.157435695286,1.78882952866268,0.312508683579615,0.24053288452155,0.394825326835862,0.0800674065066305,0.117671240841736,0.95,-0.171466746329651,0.327128048505513,0.68043309421984,153,0.4962302721758
"slope",0.124252292056193,0.0687364680882543,1.80766186439284,0.0726234623164167,1.09187185161143,1.01378522972722,1.61228120862186,1.04492672068975,0.915858393568947,0.620239195651718,0.986402218810259,0.124252292056193,0.0687364680882543,0.95,-0.0114951873011051,0.265750796270458,1.80766186439284,153,0.0706591433737337
"TPI",-0.236581066889404,0.0990172190081909,-2.38929217826076,0.0180987807663555,2.26578498009538,1.83942782629622,2.90869490579607,1.5052524639061,0.441348145911844,0.343796799728747,0.543647315596803,-0.236581066889404,0.0990172190081909,0.95,-0.433166631392872,-0.0442694278835243,-2.38929217826076,153,0.0168808713921854
"two_DB",-0.379922360701779,0.106392921993696,-3.57093642680751,0.000475772253797301,2.61590951481289,2.09896648360475,3.37601746642709,1.61737735696185,0.382276219547115,0.296206998318146,0.476424949045688,-0.379922360701779,0.106392921993696,0.95,-0.610943871021053,-0.161649572502214,-3.57093642680751,153,0.000355707231311326
"two_EB",-0.0897468912918649,0.106908895535925,-0.83947075537514,0.402514966916268,2.64134378222637,2.11784107934326,3.41001110196802,1.62522114871373,0.37859517065859,0.293254177214517,0.472178960807625,-0.0897468912918649,0.106908895535925,0.95,-0.304743610065061,0.125871488735502,-0.83947075537514,153,0.4012051933872
"(Intercept)",-2.05955263857718,0.0657358512957452,-31.330736546048,1.87449299119913e-68,NA,NA,NA,NA,NA,NA,NA,-2.05955263857718,0.0657358512957452,0.95,-2.1856817237057,-1.92788124096437,-31.330736546048,153,1.78044195080797e-215
"DBH05",0.0885188509150679,0.118178151435134,0.749028901197986,0.454989803917022,3.21166149057612,2.54150051246502,4.17317218472763,1.79211090353698,0.311365317588504,0.239625866303733,0.393468344820476,0.0885188509150679,0.118178151435134,0.95,-0.163407972715218,0.335882370712535,0.749028901197986,153,0.453839786099568
"slope",0.120961683999156,0.0689032937613221,1.75552832667422,0.0811702552878195,1.09178053025376,1.01374958789247,1.61264859714624,1.04488302228228,0.91593500002017,0.620097894711602,0.986436899154695,0.120961683999156,0.0689032937613221,0.95,-0.0150705152057334,0.262809037284858,1.75552832667422,153,0.0791689797731507
"TPI",-0.239786004462414,0.0991027657711203,-2.41956924810963,0.01671166643509,2.2585355432059,1.83406128973593,2.89903515845227,1.50284248782296,0.442764783139317,0.344942349900261,0.54523804934784,-0.239786004462414,0.0991027657711203,0.95,-0.436591236947175,-0.0472911967542807,-2.41956924810963,153,0.0155389017929365
"two_DB",-0.370474007258515,0.106853230841932,-3.46712967253705,0.000683128105722277,2.62561289028112,2.10616703104737,3.38898574525945,1.62037430561001,0.380863456186388,0.295073533843809,0.474796151140354,-0.370474007258515,0.106853230841932,0.95,-0.601469850448946,-0.152415373122553,-3.46712967253705,153,0.00052604804923035
"two_EB",-0.0841230294094995,0.107224571934053,-0.784549920714423,0.433930536589091,2.64389389364556,2.11973362030824,3.41341966031283,1.62600550234172,0.378230004768134,0.292961340683306,0.471757389900051,-0.0841230294094995,0.107224571934053,0.95,-0.299267488266482,0.131505960934071,-0.784549920714423,153,0.432717501924875
"(Intercept)",-2.05914229072323,0.0657568969722213,-31.3144686798877,2.00802152388198e-68,NA,NA,NA,NA,NA,NA,NA,-2.05914229072323,0.0657568969722213,0.95,-2.18531090795958,-1.92742781141169,-31.3144686798877,153,2.9651625066894e-215
"DBH05",0.0938198778193548,0.118003963908137,0.795057002427405,0.427811972724927,3.20015145556055,2.53294426988821,4.15775760573357,1.78889671461506,0.312485210117918,0.240514261490616,0.394797474183723,0.0938198778193548,0.118003963908137,0.95,-0.156845274039238,0.339884437692371,0.795057002427405,153,0.426580344704449
"slope",0.118640574045189,0.0689774526805964,1.71999065541837,0.0874561224637071,1.09343166016573,1.01439936783982,1.60624016404284,1.04567282654075,0.914551897873919,0.622571905737333,0.985805030743974,0.118640574045189,0.0689774526805964,0.95,-0.0174747336916834,0.260599344310433,1.71999065541837,153,0.0854341401978967
"TPI",-0.24335351074511,0.0991311120409734,-2.45486513501963,0.0152142682034381,2.25838144479344,1.83394721947877,2.8988298343271,1.50279121796524,0.44279499475407,0.344966782167857,0.545271962779938,-0.24335351074511,0.0991311120409734,0.95,-0.439822997791874,-0.0512959505462801,-2.45486513501963,153,0.0140937452285722
"two_DB",-0.365395796678659,0.10677161485478,-3.42221850981307,0.000796923172550132,2.61992562833023,2.10194666633491,3.38138479972819,1.61861843197532,0.381690224022631,0.295736823587893,0.475749464064027,-0.365395796678659,0.10677161485478,0.95,-0.595577006806613,-0.148238416984274,-3.42221850981307,153,0.000621123750228162
"two_EB",-0.0799571612523748,0.107547642786757,-0.743458054314698,0.458344531147395,2.65814784679221,2.13031245145766,3.43247278951579,1.63038273015639,0.376201798258429,0.291335157282068,0.469414709244061,-0.0799571612523748,0.107547642786757,0.95,-0.294672986285038,0.135219532995975,-0.743458054314698,153,0.457204407670314
"(Intercept)",-2.05911753985627,0.0657349726539449,-31.3245363422646,1.92429847280127e-68,NA,NA,NA,NA,NA,NA,NA,-2.05911753985627,0.0657349726539449,0.95,-2.18524497459591,-1.92744794088199,-31.3245363422646,153,2.16256899390038e-215
"DBH05",0.0953318635204321,0.118149070004433,0.806877815600711,0.420989387144483,3.2101668407337,2.54038942048461,4.17117048385207,1.79169384682029,0.311510288908051,0.239740860238467,0.393640436358469,0.0953318635204321,0.118149070004433,0.95,-0.155787268539243,0.341638535722847,0.806877815600711,153,0.419736881148929
"slope",0.117813608285692,0.0690088811249946,1.70722385822049,0.0898089480691909,1.09515845773674,1.01509086498071,1.60004062659182,1.04649818811919,0.913109872763619,0.624984130640521,0.985133483610855,0.117813608285692,0.0690088811249946,0.95,-0.0183848198972816,0.259875314004576,1.70722385822049,153,0.0877804521533314
"TPI",-0.248720154457437,0.0989446036695149,-2.51373137324585,0.012980879387672,2.25139250473891,1.8287738870099,2.88951802833286,1.50046409645113,0.444169551908484,0.346078477515837,0.546814456999399,-0.248720154457437,0.0989446036695149,0.95,-0.444984316232297,-0.0569559086447771,-2.51373137324585,153,0.0119461388112143
"two_DB",-0.366390138638599,0.10682522068755,-3.42980933042246,0.000776518274044395,2.62430668546029,2.10519772158434,3.38723999959826,1.61997119896012,0.381053024610424,0.295225611447256,0.475014764526448,-0.366390138638599,0.10682522068755,0.95,-0.597465146653477,-0.148562855239244,-3.42980933042246,153,0.000604005524673768
"two_EB",-0.0724552455959396,0.107777240719616,-0.672268515246491,0.502426724079472,2.67129044606938,2.14006705486202,3.45004163852524,1.63440828622146,0.374350906495933,0.289851574205192,0.467275078006597,-0.0724552455959396,0.107777240719616,0.95,-0.287863619461021,0.143634888060396,-0.672268515246491,153,0.501412769739207
"(Intercept)",-2.05951351424688,0.0656977527869621,-31.3483099022467,1.7402587256736e-68,NA,NA,NA,NA,NA,NA,NA,-2.05951351424688,0.0656977527869621,0.95,-2.18557103405692,-1.9279201049512,-31.3483099022467,153,1.0258909051019e-215
"DBH05",0.0893655415897587,0.118585797082673,0.75359396983651,0.452251191182269,3.23760817153637,2.56078923368909,4.20792213404241,1.79933548054174,0.308869988898459,0.237646983034673,0.390504609611855,0.0893655415897587,0.118585797082673,0.95,-0.162597939623559,0.336737134447957,0.75359396983651,153,0.451093066347276
"slope",0.116026851159184,0.068986513432817,1.68187730304964,0.0946325746187854,1.09568906154245,1.01530574896395,1.59823250207753,1.04675167138269,0.912667685659153,0.625691192426701,0.984924985424765,0.116026851159184,0.068986513432817,0.95,-0.0202087809913508,0.258139270962046,1.68187730304964,153,0.0925926347204014
"TPI",-0.247274182341987,0.0992018846464507,-2.49263593351333,0.0137451332107007,2.26568108708227,1.83935091482876,2.90855646416324,1.50521795334838,0.44136838397137,0.343813163787999,0.543670047916386,-0.247274182341987,0.0992018846464507,0.95,-0.443998255336608,-0.055101536713691,-2.49263593351333,153,0.0126798784531476
"two_DB",-0.370393473330856,0.107123733595881,-3.45762288988308,0.000705862236149144,2.64198492325623,2.11831689402924,3.41086806664147,1.62541838406492,0.378503295456927,0.293180498471949,0.472072900338299,-0.370393473330856,0.107123733595881,0.95,-0.602810093697994,-0.151463407896007,-3.45762288988308,153,0.000544963631773464
"two_EB",-0.0751226591731641,0.108505093731671,-0.692342235646,0.489771863834929,2.71056100595722,2.16921737197274,3.50254488621264,1.64637814792265,0.368927317187187,0.285506690845386,0.460995754930072,-0.0751226591731641,0.108505093731671,0.95,-0.291888764988367,0.142518447829993,-0.692342235646,153,0.488722432227625
"(Intercept)",-2.05996082940093,0.0656525402637149,-31.3767117178776,1.54343199003708e-68,NA,NA,NA,NA,NA,NA,NA,-2.05996082940093,0.0656525402637149,0.95,-2.18593341845048,-1.92845996835564,-31.3767117178776,153,4.2059091982477e-216
"DBH05",0.0837182060159222,0.11862951883464,0.705711418526602,0.481440735237988,3.24446005052951,2.56588306249281,4.21709905361856,1.80123847686238,0.308217695525884,0.237129834344757,0.389729374115935,0.0837182060159222,0.11862951883464,0.95,-0.168314491234316,0.330998421305842,0.705711418526602,153,0.480367618559481
"slope",0.115150183759558,0.0689464256024792,1.6701400073076,0.0969362243638588,1.09592391737355,1.01540121706262,1.59744615551316,1.04686384853693,0.912472101527418,0.625999190363173,0.984832382703682,0.115150183759558,0.0689464256024792,0.95,-0.0210220292952852,0.257215339076693,1.6701400073076,153,0.0948916662664775
"TPI",-0.244834500012341,0.0988344754643776,-2.47721757880514,0.0143288400250409,2.25202815945198,1.82924439475241,2.8903649177258,1.50067590087,0.444044181154175,0.345977075028582,0.546673808523738,-0.244834500012341,0.0988344754643776,0.95,-0.440922475885551,-0.0532135319818611,-2.47721757880514,153,0.0132411154976547
"two_DB",-0.373791585277923,0.107291072756777,-3.4839020216089,0.000644686592708025,2.65389703036492,2.12715756091626,3.42679061197648,1.62907858323806,0.376804370538256,0.291818238472186,0.470110920964997,-0.373791585277923,0.107291072756777,0.95,-0.607214721534102,-0.15400974841076,-3.4839020216089,153,0.000494160353414893
"two_EB",-0.0794058303422527,0.108393721095863,-0.732568543080337,0.464942405313185,2.70872642469811,2.1678554685002,3.50009189768253,1.64582089690771,0.369177186327132,0.285706784059618,0.461285364513639,-0.0794058303422527,0.108393721095863,0.95,-0.296008341376019,0.137922584826364,-0.732568543080337,153,0.463821623003597
"(Intercept)",-2.0595591579405,0.0656301691876683,-31.3812867379821,1.51388930657508e-68,NA,NA,NA,NA,NA,NA,NA,-2.0595591579405,0.0656301691876683,0.95,-2.18548972254772,-1.92810408859292,-31.3812867379821,153,3.64291954134817e-216
"DBH05",0.0862896480725881,0.119049660642434,0.724820613573688,0.469669111737633,3.26971002237377,2.5846549523645,4.25091817494852,1.80823395122804,0.305837518665956,0.235243295411611,0.386898838889569,0.0862896480725881,0.119049660642434,0.95,-0.166358431469268,0.334496469441345,0.724820613573688,153,0.468562087980304
"slope",0.113562268941539,0.0689364866942242,1.64734633845292,0.101539151566533,1.09635501408924,1.01557702173429,1.59602463798964,1.0470697274247,0.912113309237443,0.626556743672583,0.984661900179968,0.113562268941539,0.0689364866942242,0.95,-0.0225240924080129,0.255553491336317,1.64734633845292,153,0.0994868783934736
"TPI",-0.246807320302701,0.0987714776204572,-2.49877116601507,0.0135188275115307,2.25069173801872,1.82825518718652,2.88858439735438,1.50023056162002,0.444307846831258,0.346190334932186,0.546969595387222,-0.246807320302701,0.0987714776204572,0.95,-0.443032321140632,-0.0550051072946801,-2.49877116601507,153,0.0124624756219664
"two_DB",-0.3711012766277,0.107417917968439,-3.45474278077829,0.000712888517422707,2.66198973089322,2.1331638891052,3.43760844494938,1.6315605201442,0.375658849617145,0.290899913708679,0.468787234355196,-0.3711012766277,0.107417917968439,0.95,-0.604652382128572,-0.151277213112929,-3.45474278077829,153,0.000550818046265564
"two_EB",-0.076613412838763,0.108845691455867,-0.703871800656683,0.482582469619465,2.73322509939457,2.1860428994175,3.53285041093093,1.65324683559188,0.365868146103848,0.283057555141853,0.457447564394304,-0.076613412838763,0.108845691455867,0.95,-0.294786437098026,0.142522642171042,-0.703871800656683,153,0.481512614212576
"(Intercept)",-2.05954034002558,0.0655604886596863,-31.4143530978897,1.31660929827298e-68,NA,NA,NA,NA,NA,NA,NA,-2.05954034002558,0.0655604886596863,0.95,-2.18534000462719,-1.9282278963788,-31.4143530978897,153,1.28855676089195e-216
"DBH05",0.0823689841575866,0.119473691767588,0.689431982380012,0.491595743940194,3.30004731082719,2.60721005600404,4.29155334256451,1.81660323428843,0.303025958664011,0.233015861665237,0.383551757825244,0.0823689841575866,0.119473691767588,0.95,-0.171126803232999,0.331554752442733,0.689431982380012,153,0.490551462781648
"slope",0.112090132496238,0.0688803970384747,1.62731542377183,0.105727791548703,1.09689961064625,1.01580015243494,1.59426860481628,1.04732975258333,0.911660456703815,0.627246874823353,0.984445609309012,0.112090132496238,0.0688803970384747,0.95,-0.0238977173335491,0.253995977104888,1.62731542377183,153,0.103670123783624
"TPI",-0.245499830501144,0.0988142705155298,-2.48445724711959,0.0140520659190729,2.25743334836611,1.83324540158926,2.89756657830631,1.50247573969303,0.442980963634555,0.345117177802527,0.545480708220016,-0.245499830501144,0.0988142705155298,0.95,-0.441854708130957,-0.0536152793079054,-2.48445724711959,153,0.0129749087001966
"two_DB",-0.372178028904764,0.107790708254047,-3.4527839637865,0.000717704659580944,2.68619941247304,2.15113333985192,3.46997316487261,1.63896290759524,0.372273180969596,0.288186666722165,0.464871229260404,-0.372178028904764,0.107790708254047,0.95,-0.606973619278897,-0.15121128315916,-3.4527839637865,153,0.00055483315999468
"two_EB",-0.0780298060135936,0.109339650722823,-0.71364601494292,0.476533285960111,2.76395496941998,2.2088586808733,3.57394613892637,1.66251465239257,0.361800395109132,0.279802761745146,0.452722489066,-0.0780298060135936,0.109339650722823,0.95,-0.296974722013888,0.142185588084289,-0.71364601494292,153,0.475446096244417
"(Intercept)",-2.05968824971063,0.0655939866847167,-31.4005651098888,1.3955187800229e-68,NA,NA,NA,NA,NA,NA,NA,-2.05968824971063,0.0655939866847167,0.95,-2.18555084369607,-1.92830724145167,-31.4005651098888,153,1.98775644733378e-216
"DBH05",0.0781687066797953,0.120030695096298,0.651239306887978,0.51586895529321,3.32748839998768,2.62761288745766,4.328311230405,1.82414045511514,0.30052696802901,0.231036990356729,0.380573563470207,0.0781687066797953,0.120030695096298,0.95,-0.176060856032119,0.328069717841801,0.651239306887978,153,0.514892020420778
"slope",0.110832302661151,0.0689648412688755,1.6070841405847,0.110097693687165,1.09846794960219,1.01644913009281,1.58944983984899,1.04807821731118,0.9103588323739,0.629148510968431,0.983817065108508,0.110832302661151,0.0689648412688755,0.95,-0.0252093483471778,0.252789845653187,1.6070841405847,153,0.108035911811605
"TPI",-0.244006755275651,0.0987907161418421,-2.46993609121438,0.0146121005119061,2.25405326896381,1.83074338814679,2.89306303707944,1.50135048172098,0.443645238455123,0.345654410976646,0.546226197770007,-0.244006755275651,0.0987907161418421,0.95,-0.44032490056096,-0.0521565443805069,-2.46993609121438,153,0.0135137192367181
"two_DB",-0.373467654201155,0.108531059094819,-3.44111314600619,0.000747038312025153,2.72044525064728,2.17655512282572,3.51576131287922,1.64937723115341,0.3675868866547,0.284433415982115,0.459441614647346,-0.373467654201155,0.108531059094819,0.95,-0.609396912362768,-0.151420202711488,-3.44111314600619,153,0.000579326225337063
"two_EB",-0.0812497633064988,0.10962335137472,-0.741172043069246,0.459725195325412,2.77547971827769,2.21741604270156,3.58935985681617,1.66597710616854,0.360298075109173,0.278601210213294,0.450975360844627,-0.0812497633064988,0.10962335137472,0.95,-0.300726917148627,0.139483377318352,-0.741172043069246,153,0.458589132191893
"(Intercept)",-2.05927608530865,0.0656040678284389,-31.3894572924024,1.46253603202758e-68,NA,NA,NA,NA,NA,NA,NA,-2.05927608530865,0.0656040678284389,0.95,-2.18515761755639,-1.92787444243502,-31.3894572924024,153,2.81817563540226e-216
"DBH05",0.0777996415230987,0.12046004622505,0.645854322334805,0.519341187995019,3.35030600452106,2.64457878440226,4.35887728047975,1.83038411392829,0.298480198122366,0.229416874037329,0.37813205108428,0.0777996415230987,0.12046004622505,0.95,-0.176581699162969,0.328006331532587,0.645854322334805,153,0.518373703791513
"slope",0.107599261467797,0.0689956847805001,1.55950711714955,0.120942487738644,1.09911284520877,1.01671870639782,1.58756675616109,1.04838582840897,0.909824686663597,0.629894772058664,0.98355621245816,0.107599261467797,0.0689956847805001,0.95,-0.0284680375856391,0.249604840295806,1.55950711714955,153,0.118876401383937
"TPI",-0.240639258822623,0.0988591389353371,-2.43416300621456,0.0160773767851314,2.25648302917307,1.83254194483766,2.89630037548173,1.50215945530861,0.443167525335418,0.345268055918984,0.54569010156468,-0.240639258822623,0.0988591389353371,0.95,-0.436675269949115,-0.0490464900709876,-2.43416300621456,153,0.0149262715094809
"two_DB",-0.36875422189307,0.108751403334276,-3.39079966407059,0.000886843211093155,2.73066336851606,2.18414102942886,3.5294248072529,1.65247189643759,0.366211379816999,0.283332286310512,0.457845892973996,-0.36875422189307,0.108751403334276,0.95,-0.604963826185542,-0.146512020016916,-3.39079966407059,153,0.000696890220295274
"two_EB",-0.0875189192515258,0.110244848802783,-0.793859488238657,0.428506746740684,2.80617684706681,2.24021099177626,3.63041919843648,1.67516472236817,0.35635672821022,0.275450284207033,0.446386525050975,-0.0875189192515258,0.110244848802783,0.95,-0.307549575318802,0.134041556862868,-0.793859488238657,153,0.427277236287997
"(Intercept)",-2.05910477801927,0.0656676432624521,-31.3564592197972,1.68133287045405e-68,NA,NA,NA,NA,NA,NA,NA,-2.05910477801927,0.0656676432624521,0.95,-2.18510573842949,-1.92757300218305,-31.3564592197972,153,7.94375881515068e-216
"DBH05",0.078947176204731,0.120579785487661,0.654729778175045,0.513624816640105,3.3504729499605,2.64470291797362,4.35910092219136,1.83042971729605,0.298465325622697,0.229405103907824,0.378114302821657,0.078947176204731,0.120579785487661,0.95,-0.174584136138138,0.328536445508098,0.654729778175045,153,0.512641749279601
"slope",0.104896716017887,0.069103815424293,1.51795838440798,0.131088482538197,1.10042679203623,1.01727277202103,1.58389820385586,1.0490122935582,0.908738325199807,0.631353705412121,0.983020510824536,0.104896716017887,0.069103815424293,0.95,-0.031393410277234,0.247122047808934,1.51795838440798,153,0.12902489003627
"TPI",-0.238793585043011,0.0988200750724263,-2.41644812420955,0.0168501656688554,2.25033648306919,1.82799223275357,2.88811109458694,1.50011215683001,0.444377988591342,0.346247068498942,0.547048276290357,-0.238793585043011,0.0988200750724263,0.95,-0.434582412817104,-0.0473939405359679,-2.41644812420955,153,0.0156727593264679
"two_DB",-0.363510082689014,0.108788459934713,-3.34143973457449,0.00104749857686031,2.7272362421439,2.1815967053503,3.52484204015358,1.65143460123128,0.366671571955164,0.283700656258749,0.458379863495178,-0.363510082689014,0.108788459934713,0.95,-0.599115370046753,-0.142074013494001,-3.34143973457449,153,0.00083345107733608
"two_EB",-0.0923352674539228,0.110773044096926,-0.83355357981433,0.405832008431815,2.82764759547247,2.25615607453934,3.6591406919409,1.68156105909731,0.353650858615185,0.273288207311202,0.443231747699095,-0.0923352674539228,0.110773044096926,0.95,-0.313140697072351,0.130001617782034,-0.83355357981433,153,0.40453259312651
"(Intercept)",-2.05903030525684,0.0657031459291964,-31.3383822971843,1.81485644848991e-68,NA,NA,NA,NA,NA,NA,NA,-2.05903030525684,0.0657031459291964,0.95,-2.18509795638426,-1.9274258564142,-31.3383822971843,153,1.40079771094456e-215
"DBH05",0.0787143037027899,0.120876951167806,0.651193655550722,0.51589834003255,3.36336986362376,2.65429261562958,4.37637795122437,1.83394925328477,0.297320853949312,0.22849946031746,0.376748213106416,0.0787143037027899,0.120876951167806,0.95,-0.174710706579631,0.328364318453944,0.651193655550722,153,0.514921485331693
"slope",0.10258134307585,0.069198836541864,1.48241427460692,0.140286888203693,1.10226297287469,1.01805766886983,1.57912877329588,1.04988712387317,0.907224523193421,0.633260578181254,0.982262626743063,0.10258134307585,0.069198836541864,0.95,-0.0339017034260937,0.245029128017423,1.48241427460692,153,0.13823009806991
"TPI",-0.238020613304001,0.0990525640632921,-2.4029727605225,0.017459879334356,2.25849471115303,1.83403106408166,2.89898075288607,1.50282890282062,0.442772788026352,0.344948823480271,0.545247035115364,-0.238020613304001,0.0990525640632921,0.95,-0.434158886301136,-0.0462601463730389,-2.4029727605225,153,0.0162623987430252
"two_DB",-0.361620529859987,0.109024338965009,-3.31687890330662,0.00113721121098126,2.73611632895154,2.18818941694458,3.53671667553051,1.65412101399854,0.365481536519023,0.282748122550699,0.456998828463545,-0.361620529859987,0.109024338965009,0.95,-0.59765578606922,-0.139849891549958,-3.31687890330662,153,0.000910290621883263
"two_EB",-0.0940562763030673,0.111632507971842,-0.842552747509644,0.40079378850494,2.86859341643253,2.28656725359599,3.71392058687624,1.69369224371859,0.348602905616242,0.269257238168653,0.437336797519225,-0.0940562763030673,0.111632507971842,0.95,-0.316072407511925,0.129806902264138,-0.842552747509644,153,0.399478627614152
"(Intercept)",-2.0589868626065,0.0657011806333749,-31.338658495287,1.81273818721999e-68,NA,NA,NA,NA,NA,NA,NA,-2.0589868626065,0.0657011806333749,0.95,-2.18505082212967,-1.92738643674902,-31.338658495287,153,1.38871301879739e-215
"DBH05",0.0751738490181467,0.121696209077773,0.617717261596087,0.537680062674436,3.40931959650834,2.68846077599214,4.43793649260712,1.84643429249685,0.293313657371445,0.22532994820134,0.371960048266267,0.0751738490181467,0.121696209077773,0.95,-0.179980285160664,0.326686375444184,0.617717261596087,153,0.536761731384285
"slope",0.102273956780535,0.0692613942591368,1.47663727931731,0.141828170257407,1.10432289136654,1.01895254892992,1.57423757106849,1.0508676849949,0.905532256750153,0.635228137339692,0.981399969066444,0.102273956780535,0.0692613942591368,0.95,-0.0344562209656337,0.24497996485648,1.47663727931731,153,0.13977289312133
"TPI",-0.237108658747433,0.0989529313059501,-2.39617619830102,0.0177747483479466,2.25408839424268,1.8307693882692,2.89310983623358,1.50136217956983,0.443638325166914,0.345648819645872,0.546218440404116,-0.237108658747433,0.0989529313059501,0.95,-0.433007018343812,-0.0455315748833143,-2.39617619830102,153,0.0165671241821482
"two_DB",-0.362833321911174,0.109592089027693,-3.31076198227673,0.00116064404721223,2.76485287287302,2.20952537973666,3.57514700813164,1.66278467423567,0.361682898143104,0.279708777772078,0.452585885263369,-0.362833321911174,0.109592089027693,0.95,-0.600596625091802,-0.139357494101021,-3.31076198227673,153,0.000930423121270951
"two_EB",-0.0949965948798951,0.112375634986826,-0.845348681598388,0.399236231501853,2.90708635430431,2.31516013597356,3.76542624984705,1.70501799236967,0.343987029666103,0.265574183013309,0.431935564396493,-0.0949965948798951,0.112375634986826,0.95,-0.318671905333661,0.13060640271308,-0.845348681598388,153,0.397916188085814
"(Intercept)",-2.05882988801486,0.0657360553178746,-31.3196445703829,1.96453092517737e-68,NA,NA,NA,NA,NA,NA,NA,-2.05882988801486,0.0657360553178746,0.95,-2.18495935714041,-1.92715807299197,-31.3196445703829,153,2.52104436198349e-215
"DBH05",0.074528784064691,0.122079529138571,0.61049370513294,0.54244059293375,3.42719152222457,2.70175094278162,4.46188066505736,1.85126754474456,0.291784101797412,0.224120740796896,0.370130341833226,0.074528784064691,0.122079529138571,0.95,-0.180841922647631,0.32631951481709,0.61049370513294,153,0.541534812045344
"slope",0.100393707370214,0.0693897060776073,1.44680980861817,0.14999585499255,1.10724258244135,1.02024603740946,1.56806036934983,1.05225594911189,0.903144456199566,0.637730548865689,0.980155730414919,0.100393707370214,0.0693897060776073,0.95,-0.0366252804821286,0.243403230281373,1.44680980861817,153,0.147950198857244
"TPI",-0.233850612769638,0.099168378364157,-2.35811673667702,0.0196325070943951,2.26151309536635,1.83626543512896,2.90300259096011,1.50383280166591,0.442181830407666,0.344470929207566,0.544583577553302,-0.233850612769638,0.099168378364157,0.95,-0.429861911544452,-0.0421271245078155,-2.35811673667702,153,0.0183679158118925
"two_DB",-0.360485097892108,0.109929601303194,-3.27923592570724,0.00128872643559807,2.77895804096708,2.21999883805066,3.59401207019019,1.66702070801987,0.359847102855861,0.278240579182886,0.450450686216611,-0.360485097892108,0.109929601303194,0.95,-0.599019400810891,-0.136215979530462,-3.27923592570724,153,0.00104088576692859
"two_EB",-0.0991095411310067,0.113218454869554,-0.875383268966152,0.382737568354912,2.94772612854588,2.34535116902441,3.81981177789535,1.71689432655183,0.339244541857524,0.261793003986962,0.426375381736956,-0.0991095411310067,0.113218454869554,0.95,-0.324099340889756,0.127989274951968,-0.875383268966152,153,0.38136540019839
"(Intercept)",-2.05873045247916,0.0657287260437047,-31.3216241420876,1.94814900827848e-68,NA,NA,NA,NA,NA,NA,NA,-2.05873045247916,0.0657287260437047,0.95,-2.18484615425624,-1.92707364076545,-31.3216241420876,153,2.36933358597354e-215
"DBH05",0.0719662776027932,0.122817441442066,0.585961381036749,0.55876486270224,3.46952183160892,2.7332305295418,4.51859603950392,1.86266524947692,0.288224155527585,0.221307678592527,0.365867419228498,0.0719662776027932,0.122817441442066,0.95,-0.184144428802694,0.324582728149681,0.585961381036749,153,0.557901467276195
"slope",0.0980474390779865,0.0694678851562933,1.41140670768072,0.160155048193384,1.10998647807386,1.0214874464229,1.56298105977821,1.05355895804358,0.900911875733187,0.639803018561149,0.978964551646574,0.0980474390779865,0.0694678851562933,0.95,-0.0391828591303838,0.24128404903953,1.41140670768072,153,0.158124726268974
"TPI",-0.231145550114596,0.0991379401476588,-2.33155489987306,0.0210285477666963,2.26062910656236,1.83561105209232,2.90182470700091,1.50353886100837,0.442354739703701,0.344610753911982,0.544777717948554,-0.231145550114596,0.0991379401476588,0.95,-0.426792170449127,-0.0397038451610372,-2.33155489987306,153,0.019724118761448
"two_DB",-0.359114771357666,0.110557974954204,-3.24820323008287,0.0014275701636507,2.8114455934364,2.24412367864977,3.63746699326657,1.67673659035532,0.355688903365088,0.274916583944578,0.445608238758781,-0.359114771357666,0.110557974954204,0.95,-0.599043342282192,-0.133472635044222,-3.24820323008287,153,0.00116136287662382
"two_EB",-0.103458642934521,0.114018214336112,-0.907386977922126,0.365629116632571,2.99018461895066,2.37689688707858,3.87663866094697,1.72921502970298,0.334427511151779,0.257955431872963,0.420716609726006,-0.103458642934521,0.114018214336112,0.95,-0.329803284786197,0.125163805944163,-0.907386977922126,153,0.364202193256059
"(Intercept)",-2.05935728223688,0.0657050569692698,-31.3424472518157,1.78393056875826e-68,NA,NA,NA,NA,NA,NA,NA,-2.05935728223688,0.0657050569692698,0.95,-2.18542852328001,-1.9277489215004,-31.3424472518157,153,1.23307994907651e-215
"DBH05",0.0647131015611235,0.122970173321238,0.526250389125434,0.599476260556402,3.48066271085447,2.74151592065366,4.53352353087541,1.86565342731561,0.287301609800195,0.220578980827944,0.364761697156794,0.0647131015611235,0.122970173321238,0.95,-0.19149588922586,0.317397001725011,0.526250389125434,153,0.5987142477381
"slope",0.095742275177013,0.0694659844407838,1.37826125905735,0.170134796477366,1.11072554399315,1.02182595637604,1.56172320155632,1.05390964697793,0.900312417777769,0.640318334903046,0.978640240796536,0.095742275177013,0.0694659844407838,0.95,-0.0415183459733959,0.239013155478978,1.37826125905735,153,0.168122639731279
"TPI",-0.225568873268018,0.0988915020366423,-2.28097327497804,0.0239301724182081,2.25102499267718,1.82850185817266,2.88902839126375,1.50034162532311,0.444242068947749,0.34613713143974,0.546895807368423,-0.225568873268018,0.0988915020366423,0.95,-0.420481547386675,-0.0347141345920425,-2.28097327497804,153,0.0225500283548784
"two_DB",-0.361265938724737,0.110914270256434,-3.25716373456264,0.00138611295470649,2.83163467980858,2.25911717641651,3.6644744930139,1.68274617212715,0.353152900383181,0.272890424508737,0.442650788741394,-0.361265938724737,0.110914270256434,0.95,-0.60207595941772,-0.134791564689499,-3.25716373456264,153,0.00112531501352138
"two_EB",-0.111309985729776,0.114288427027676,-0.973939257233985,0.331624000906149,3.00653927318161,2.38904895973609,3.89852983697935,1.73393750555826,0.332608327760765,0.256506950521332,0.41857660385096,-0.111309985729776,0.114288427027676,0.95,-0.338006838711906,0.11759271070634,-0.973939257233985,153,0.33008670017954
"(Intercept)",-2.0595139650771,0.065672281895533,-31.3604751598739,1.65303666344192e-68,NA,NA,NA,NA,NA,NA,NA,-2.0595139650771,0.065672281895533,0.95,-2.18552363950867,-1.92797269426028,-31.3604751598739,153,7.00290479782873e-216
"DBH05",0.0605175152239451,0.123017334173178,0.491942990235436,0.623464725299646,3.48681071489995,2.74608819975673,4.54176125387182,1.86730038154014,0.286795034708012,0.220178900673722,0.364154363318916,0.0605175152239451,0.123017334173178,0.95,-0.195915575839369,0.313533237862232,0.491942990235436,153,0.622759646030513
"slope",0.0934715138750777,0.0695147326891274,1.3446288327553,0.180735152095146,1.11339550354468,1.02306304584338,1.5575386838094,1.05517557948651,0.898153438572664,0.642038628250451,0.97745686745594,0.0934715138750777,0.0695147326891274,0.95,-0.0439932520550237,0.236954327171553,1.3446288327553,153,0.178745127427415
"TPI",-0.220786003519685,0.0988265754422545,-2.23407522249613,0.0269278556114189,2.25031461958379,1.82797604975693,2.88808196614372,1.50010486952873,0.444382306055033,0.346250560656781,0.547053119286203,-0.220786003519685,0.0988265754422545,0.95,-0.415426029287466,-0.0301015340756476,-2.23407522249613,153,0.0254781240044222
"two_DB",-0.360037344037082,0.111149359745541,-3.23922103430312,0.00147028381674742,2.84649011301226,2.27015025034937,3.68434835682961,1.68715444254883,0.351309844860751,0.271418417356306,0.440499477885265,-0.360037344037082,0.111149359745541,0.95,-0.601734227898889,-0.132707998409947,-3.23922103430312,153,0.00119856649808579
"two_EB",-0.118637831835414,0.114891827488362,-1.03260461974488,0.303418436354338,3.0414033770782,2.4149558359174,3.94519987278921,1.74396197695884,0.328795584149274,0.253472582440547,0.414086247511072,-0.118637831835414,0.114891827488362,0.95,-0.346798176468485,0.11170111168413,-1.03260461974488,153,0.301788965360779
"(Intercept)",-2.05987668909908,0.0656621457143849,-31.3708403325573,1.58219683758158e-68,NA,NA,NA,NA,NA,NA,NA,-2.05987668909908,0.0656621457143849,0.95,-2.18586732277303,-1.92835616650989,-31.3708403325573,153,5.05756317420263e-216
"DBH05",0.054724173452112,0.123609916055125,0.442716694570906,0.658595930315734,3.52157096513602,2.77194014153903,4.58833799357039,1.87658492084318,0.283964176755238,0.217943839665102,0.360758150947943,0.054724173452112,0.123609916055125,0.95,-0.202325513452654,0.308320639926658,0.442716694570906,153,0.657970665525731
"slope",0.0918562165648475,0.069567338021815,1.32039286217971,0.188675698154738,1.11542556103048,1.0240181145862,1.55470882576504,1.05613709386163,0.896518813031464,0.643207257479817,0.976545224889986,0.0918562165648475,0.069567338021815,0.95,-0.0457326485444565,0.235467253592671,1.32039286217971,153,0.186703885494289
"TPI",-0.216874324579751,0.098502191527493,-2.2017208065794,0.0291821603907732,2.23625645701499,1.81757116083562,2.86935413175433,1.49541180181747,0.447175902774061,0.348510484967081,0.550184785909707,-0.216874324579751,0.098502191527493,0.95,-0.410890779619477,-0.0267567202687991,-2.2017208065794,153,0.0276850360724532
"two_DB",-0.359995154089051,0.111853213699824,-3.21846053574425,0.0015735993665334,2.88354514101768,2.29767313054701,3.73392599009568,1.6981004508031,0.346795333901752,0.267814627995445,0.435222916047213,-0.359995154089051,0.111853213699824,0.95,-0.602551927767503,-0.131876036904863,-3.21846053574425,153,0.00128880704484329
"two_EB",-0.125244632539981,0.115229343475824,-1.08691613405103,0.27878324834806,3.06024358697565,2.42895655065801,3.9704217638526,1.74935519177086,0.326771373447521,0.251862411470784,0.41169941871916,-0.125244632539981,0.115229343475824,0.95,-0.354195967435697,0.105913491772651,-1.08691613405103,153,0.277073875297468
"(Intercept)",-2.06091646619863,0.0655583361707001,-31.4363753959898,1.1997708889944e-68,NA,NA,NA,NA,NA,NA,NA,-2.06091646619863,0.0655583361707001,0.95,-2.18671208765093,-1.92960842839182,-31.4363753959898,153,6.44529100073556e-217
"DBH05",0.0439973656527956,0.123973314228924,0.354893840875722,0.723157844198921,3.55353452986118,2.79571314263463,4.63116938913003,1.88508210162348,0.281409957212113,0.215928184865605,0.357690488609149,0.0439973656527956,0.123973314228924,0.95,-0.213369536216537,0.297963401850427,0.354893840875722,153,0.722669122808984
"slope",0.0896179479170555,0.0694953511312719,1.28955313496831,0.199151821654623,1.11664628127123,1.02459826151826,1.55314294972861,1.05671485334087,0.895538736636967,0.64385573792466,0.975992286496944,0.0896179479170555,0.0694953511312719,0.95,-0.0478348658681829,0.23306340396649,1.28955313496831,153,0.197205856369738
"TPI",-0.211768398535741,0.0981269536749941,-2.15810631640658,0.0324794378453486,2.2262849467592,1.81019183799858,2.8560724758262,1.4920740419829,0.44917879962118,0.350131170852281,0.55242763723078,-0.211768398535741,0.0981269536749941,0.95,-0.404914304434389,-0.0223848965505569,-2.15810631640658,153,0.0309195667832056
"two_DB",-0.364717443056448,0.1122329698457,-3.24964619182643,0.00142081701119357,2.91235979530935,2.31907754586364,3.77248293565727,1.70656373901163,0.343364168675382,0.265077408448442,0.431205934352486,-0.364717443056448,0.1122329698457,0.95,-0.608075822409721,-0.135723659079181,-3.24964619182643,153,0.00115548669813179
"two_EB",-0.134653007559232,0.115540103179632,-1.16542225472904,0.245661790745103,3.08652371999074,2.4484871069494,4.00560578910014,1.75685051156629,0.323989086337881,0.249650128507691,0.408415464864715,-0.134653007559232,0.115540103179632,0.95,-0.363386599026055,0.0964222265770787,-1.16542225472904,153,0.24384811328877
"(Intercept)",-2.06120851449473,0.0655524917162071,-31.4436333468179,1.1635947919835e-68,NA,NA,NA,NA,NA,NA,NA,-2.06120851449473,0.0655524917162071,0.95,-2.18699315627872,-1.92991243905134,-31.4436333468179,153,5.1290958440323e-217
"DBH05",0.0415623290846612,0.124309374839111,0.334345894172936,0.738576432022893,3.57346323865845,2.8105356575629,4.65787495709477,1.89036061074559,0.279840572915875,0.214690177218438,0.355804060805665,0.0415623290846612,0.124309374839111,0.95,-0.216044105553967,0.295743805371491,0.334345894172936,153,0.738118562498233
"slope",0.0890002599034231,0.0695525384587729,1.27961195774584,0.202618651262308,1.1186842511895,1.02557632938395,1.55074171390875,1.0576787088665,0.893907283432923,0.64485271211247,0.975061505759093,0.0890002599034231,0.0695525384587729,0.95,-0.0486583769243209,0.232639469672346,1.27961195774584,153,0.200681642270086
"TPI",-0.211735036242154,0.0976806610166595,-2.16762493249347,0.0317335424455209,2.20647359075848,1.79553293815615,2.82968982852092,1.48542034143823,0.453211859950813,0.3533956230541,0.55693770843709,-0.211735036242154,0.0976806610166595,0.95,-0.404141920044056,-0.0230517701288147,-2.16762493249347,153,0.0301872351766877
"two_DB",-0.365804977470482,0.11258889171536,-3.24903258125399,0.00142368510504026,2.93138352195109,2.33320993526754,3.79794067699896,1.71212836024379,0.341135846780777,0.263300584460465,0.428594094720986,-0.365804977470482,0.11258889171536,0.95,-0.609616088496656,-0.136515062257916,-3.24903258125399,153,0.0011579821405937
"two_EB",-0.135383130421223,0.11568468956365,-1.17027699112021,0.243709159851102,3.09480525071322,2.4546419153758,4.01669365637799,1.75920585796922,0.323122109143876,0.248960982725713,0.407391397391218,-0.135383130421223,0.11568468956365,0.95,-0.364726060456566,0.0962644215114537,-1.17027699112021,153,0.241889518174676
"(Intercept)",-2.06154225825882,0.0654838629287207,-31.4816836707207,9.9112971529053e-69,NA,NA,NA,NA,NA,NA,NA,-2.06154225825882,0.0654838629287207,0.95,-2.18719796942583,-1.93038664850077,-31.4816836707207,153,1.54737213976043e-217
"DBH05",0.0350112012334135,0.124812048211923,0.280511390807134,0.779464125662235,3.60997672192098,2.83769446216783,4.7068068872198,1.89999387417986,0.277010096471721,0.212458259699428,0.352398756572284,0.0350112012334135,0.124812048211923,0.95,-0.223503032808384,0.290119599121736,0.280511390807134,153,0.779085187531293
"slope",0.0870681330819095,0.0695531554149873,1.2518214675153,0.212545323949323,1.12105018812817,1.02672632751652,1.54826642518724,1.05879657542333,0.892020723594644,0.645883669458935,0.973969375479866,0.0870681330819095,0.0695531554149873,0.95,-0.0506494757704366,0.230736703193359,1.2518214675153,153,0.210634925853592
"TPI",-0.2070757675571,0.0973069074023148,-2.1280685316711,0.0349335218502504,2.19421268410004,1.78646238840199,2.81336571957776,1.48128750892595,0.45574433474308,0.355446145178055,0.559765493240813,-0.2070757675571,0.0973069074023148,0.95,-0.398805229081343,-0.0189745744085642,-2.1280685316711,153,0.0333314019411881
"two_DB",-0.366545202315594,0.11307467691753,-3.24162060248847,0.00145875803472529,2.96293478176729,2.35665045358863,3.84016634298059,1.72131774573066,0.337503210044851,0.260405386299969,0.424331066356164,-0.366545202315594,0.11307467691753,0.95,-0.611501813672047,-0.136086062198869,-3.24162060248847,153,0.00118852133268769
"two_EB",-0.142986873456619,0.115938729645595,-1.23329687925429,0.219356424334352,3.11493118012716,2.4695999102898,4.04364056186695,1.76491676294582,0.321034379950306,0.247301901516761,0.404923889020814,-0.142986873456619,0.115938729645595,0.95,-0.372958121976132,0.0892415869905872,-1.23329687925429,153,0.217465021790265
"(Intercept)",-2.06174609177121,0.0654587811278856,-31.4968604096555,9.29733950598879e-69,NA,NA,NA,NA,NA,NA,NA,-2.06174609177121,0.0654587811278856,0.95,-2.18735468109041,-1.93064181644352,-31.4968604096555,153,9.59035333459667e-218
"DBH05",0.031186804558028,0.125223168605446,0.24904979569948,0.803656278786091,3.63658306303128,2.85748503735375,4.74246365837049,1.90698271178091,0.274983406859529,0.210860867269903,0.349958087943682,0.031186804558028,0.125223168605446,0.95,-0.227849094709495,0.286859841503949,0.24904979569948,153,0.803322263224908
"slope",0.0856775990044982,0.0696297560852096,1.2304739212306,0.220408108365145,1.12438199292224,1.02837128787694,1.54530059510904,1.06036880042853,0.889377459168507,0.647123286669956,0.972411435236085,0.0856775990044982,0.0696297560852096,0.95,-0.0522477372794368,0.229538751067588,1.2304739212306,153,0.218519686893981
"TPI",-0.205310487849759,0.0969878262188942,-2.11686864067238,0.0358886342971665,2.18151691780661,1.77707146010594,2.79646570326096,1.47699590988148,0.458396628436621,0.357594230043265,0.562723572151897,-0.205310487849759,0.0969878262188942,0.95,-0.396364304407054,-0.0177930814497927,-2.11686864067238,153,0.0342709977958268
"two_DB",-0.366987403082671,0.113671950196166,-3.22847811134895,0.00152293149227892,2.99661366749502,2.3816738320633,3.88524400239585,1.73107298156231,0.333710017693384,0.257384092063033,0.419872774574543,-0.366987403082671,0.113671950196166,0.95,-0.61341474493909,-0.134919638247986,-3.22847811134895,153,0.00124450782516254
"two_EB",-0.146285720806184,0.116413032637133,-1.25660948342584,0.210810224967733,3.14287667718402,2.49037063042781,4.08105940889423,1.77281603027049,0.318179840545315,0.245034413814366,0.401546656462221,-0.146285720806184,0.116413032637133,0.95,-0.377278136899829,0.0871917569630615,-1.25660948342584,153,0.208895079031653
